card,color,cost,creature,scryfall,mtgo,back
Favored Hoplite,W,{W},1,https://c1.scryfall.com/file/scryfall-cards/normal/front/2/5/251015ed-9408-4941-894a-158551ed2613.jpg?1562815791,50258,
Hopeful Eidolon,W,{W},1,https://c1.scryfall.com/file/scryfall-cards/normal/front/4/c/4c69995b-ef31-4635-8d5a-b31f73993364.jpg?1562817802,50140,
Lagonna-Band Trailblazer,W,{W},1,https://c1.scryfall.com/file/scryfall-cards/normal/front/3/8/38a6f533-6acb-4c24-ae9d-fe4977230156.jpg?1593095258,52020,
Thraben Inspector,W,{W},1,https://c1.scryfall.com/file/scryfall-cards/normal/front/d/1/d140c3b7-ca78-483d-baeb-307b624fea8b.jpg?1576383936,60240,
Topplegeist,W,{W},1,https://c1.scryfall.com/file/scryfall-cards/normal/front/e/c/ec9e8653-13ae-446c-b341-85c9b3fa6ca8.jpg?1576383942,59936,
Arashin Cleric,W,{1}{W},1,https://c1.scryfall.com/file/scryfall-cards/normal/front/1/0/10aeac19-6892-448e-9e5f-302051a089fc.jpg?1562822548,55650,
Aviary Mechanic,W,{1}{W},1,https://c1.scryfall.com/file/scryfall-cards/normal/front/b/9/b97b0767-4308-4e5d-bc12-6cf8d8724797.jpg?1576380755,61619,
Hero of Iroas,W,{1}{W},1,https://c1.scryfall.com/file/scryfall-cards/normal/front/7/9/7917f2ee-f093-4ffb-83ed-a181b14b5957.jpg?1593091488,51715,
Myrsmith,W,{1}{W},1,https://c1.scryfall.com/file/scryfall-cards/normal/front/1/3/13429b63-085c-4c78-9ce3-247db5841b9d.jpg?1562814812,38303,
Phalanx Leader,W,{W}{W},1,https://c1.scryfall.com/file/scryfall-cards/normal/front/9/5/955d5107-5caf-45fc-8c6b-8383bbd220f3.jpg?1562636794,50350,
Seeker of the Way,W,{1}{W},1,https://c1.scryfall.com/file/scryfall-cards/normal/front/3/c/3c17e350-44f7-4413-ad24-7c5d6616effd.jpg?1562785152,54270,
Serene Steward,W,{1}{W},1,https://c1.scryfall.com/file/scryfall-cards/normal/front/7/0/702f5dd4-4dc7-4e2c-a30b-9286499433d8.jpg?1562921415,58649,
Syndic of Tithes,W,{1}{W},1,https://c1.scryfall.com/file/scryfall-cards/normal/front/2/b/2bafaa3b-eeaa-427f-9a73-6a1c98d257ca.jpg?1561820950,47817,
Ardenvale Tactician,W,{1}{W}{W},1,https://c1.scryfall.com/file/scryfall-cards/normal/front/b/d/bd6ccd0b-5279-431f-b65a-7fdbdffd1a90.jpg?1571319076,78790,
Bygone Bishop,W,{2}{W},1,https://c1.scryfall.com/file/scryfall-cards/normal/front/7/c/7c45198f-fb2b-4c83-abdc-8b1a0071cfed.jpg?1576383693,60212,
Deadeye Harpooner,W,{2}{W},1,https://c1.scryfall.com/file/scryfall-cards/normal/front/a/0/a018decf-25e1-45fc-be7d-2523dcfb7a4c.jpg?1576381367,62589,
Fabled Hero,W,{1}{W}{W},1,https://c1.scryfall.com/file/scryfall-cards/normal/front/6/4/642d9a5c-5697-4747-adce-5a71bcf1c086.jpg?1562819107,50430,
Kor Sanctifiers,W,{2}{W},1,https://c1.scryfall.com/file/scryfall-cards/normal/front/0/3/038b04fe-d77a-4192-a084-654ef39aa9ff.jpg?1562609401,34664,
Mardu Hordechief,W,{2}{W},1,https://c1.scryfall.com/file/scryfall-cards/normal/front/2/3/23426221-30a8-4be2-9c70-f0eb022edad7.jpg?1562783652,53950,
Misthoof Kirin,W,{2}{W},1,https://c1.scryfall.com/file/scryfall-cards/normal/front/c/c/ccef8595-96e8-4df3-aa5a-9fc8c5fa9a3d.jpg?1562793228,56390,
Pious Evangel,W,{2}{W},1,https://c1.scryfall.com/file/scryfall-cards/normal/front/7/a/7ac2a5aa-71c3-482b-9431-5f0b228cf64d.jpg?1576383871,60396,https://c1.scryfall.com/file/scryfall-cards/normal/back/7/a/7ac2a5aa-71c3-482b-9431-5f0b228cf64d.jpg?1576383871
Scholar of Athreos,W,{2}{W},1,https://c1.scryfall.com/file/scryfall-cards/normal/front/9/5/95a36e06-39f3-47d0-b6a9-43728afceb4a.jpg?1562821652,50450,
Vizier of Deferment,W,{2}{W},1,https://c1.scryfall.com/file/scryfall-cards/normal/front/2/6/2684f2e5-e3f9-4277-94a1-aba6913ac53b.jpg?1543674846,63676,
Attended Healer,W,{3}{W},1,https://c1.scryfall.com/file/scryfall-cards/normal/front/6/c/6ca80b5a-3943-41ca-8cd1-8e3db1b2a1c8.jpg?1604195482,82947,
Galepowder Mage,W,{3}{W},1,https://c1.scryfall.com/file/scryfall-cards/normal/front/8/1/8152999d-5e65-4ea6-b1e7-94b41808faa0.jpg?1562355694,28353,
Master Splicer,W,{3}{W},1,https://c1.scryfall.com/file/scryfall-cards/normal/front/8/5/859d2b91-63af-4700-8ca5-b1756aa6639b.jpg?1562879309,39984,
Nearheath Chaplain,W,{3}{W},1,https://c1.scryfall.com/file/scryfall-cards/normal/front/3/6/362ec364-39c1-4a4b-8dfa-268fad2effdd.jpg?1576383833,59864,
Sanctifier of Souls,W,{3}{W},1,https://c1.scryfall.com/file/scryfall-cards/normal/front/8/d/8d839c5a-dc35-4eaa-9cf0-b6e002815726.jpg?1576383963,61302,
Sanctum Gargoyle,W,{3}{W},1,https://c1.scryfall.com/file/scryfall-cards/normal/front/1/d/1da1a2d5-d1fe-4aa2-aa83-64d6c269f7bc.jpg?1562701688,30989,
Student of Ojutai,W,{3}{W},1,https://c1.scryfall.com/file/scryfall-cards/normal/front/3/d/3d06616c-a0df-4d2d-8bfc-9f59060d323b.jpg?1562785068,55922,
Airdrop Aeronauts,W,{3}{W}{W},1,https://c1.scryfall.com/file/scryfall-cards/normal/front/4/9/49827a57-cf10-4a44-a1fd-ac611da39dc9.jpg?1576381286,62595,
"Hixus, Prison Warden",W,{3}{W}{W},1,https://c1.scryfall.com/file/scryfall-cards/normal/front/d/0/d0c21a35-4b70-4de4-93ff-c0ccabdc39e0.jpg?1562043057,57798,
Oketra's Attendant,W,{3}{W}{W},1,https://c1.scryfall.com/file/scryfall-cards/normal/front/6/0/6074fe64-8a2d-411e-8d33-97b1c60633e4.jpg?1543674719,63646,
Reaper of Flight Moonsilver,W,{3}{W}{W},1,https://c1.scryfall.com/file/scryfall-cards/normal/front/5/8/58cf3ac8-db59-4acc-abb6-e63b95b849ac.jpg?1576383883,60196,
Eternal Dragon,W,{5}{W}{W},1,https://c1.scryfall.com/file/scryfall-cards/normal/front/0/5/0596928c-2b20-4dbb-aa78-3ab6c3ce0d72.jpg?1562524969,18766,
Ajani's Presence,W,{W},0,https://c1.scryfall.com/file/scryfall-cards/normal/front/e/7/e77e2fd5-5c46-4f6b-ac43-ec23fab57a1a.jpg?1593095164,52202,
Capashen Standard,W,{W},0,https://c1.scryfall.com/file/scryfall-cards/normal/front/1/6/16665386-405e-48c9-8c69-c21b03931c2f.jpg?1562443328,12999,
Dispeller's Capsule,W,{W},0,https://c1.scryfall.com/file/scryfall-cards/normal/front/d/3/d3cf0771-10d6-427a-b4e5-3e1d4db14667.jpg?1562709385,30901,
Ancestral Blade,W,{1}{W},0,https://c1.scryfall.com/file/scryfall-cards/normal/front/2/b/2ba18114-af6c-48cd-82c9-eb6541d566bf.jpg?1592515941,72905,
Blessed Alliance,W,{1}{W},0,https://c1.scryfall.com/file/scryfall-cards/normal/front/b/5/b5805eab-9a32-4c0c-9015-7bdb74ad7634.jpg?1576383772,61088,
Clear,W,{1}{W},0,https://c1.scryfall.com/file/scryfall-cards/normal/front/c/7/c7cdb977-7d5b-4050-bb01-181f6b363de7.jpg?1562937199,12285,
Guided Strike,W,{1}{W},0,https://c1.scryfall.com/file/scryfall-cards/normal/front/c/6/c6e8ec37-abe8-45a9-a1a0-6d4e37c74c45.jpg?1562803288,9247,
Ordeal of Heliod,W,{1}{W},0,https://c1.scryfall.com/file/scryfall-cards/normal/front/7/7/77e85180-f3c9-4b03-9c25-223599b937ad.jpg?1562820095,50214,
Shelter,W,{1}{W},0,https://c1.scryfall.com/file/scryfall-cards/normal/front/9/c/9c726ab3-1692-4e14-ab21-664a1679bc53.jpg?1562924143,17027,
Angelic Purge,W,{2}{W},0,https://c1.scryfall.com/file/scryfall-cards/normal/front/d/3/d38bae3e-95f3-413a-bb4d-6a0814112a7a.jpg?1576383645,59756,https://i.imgur.com/htIuV9C.png
Astral Slide,W,{2}{W},0,https://c1.scryfall.com/file/scryfall-cards/normal/front/d/1/d14993b6-ed8d-4b9b-b54c-2837b343a61e.jpg?1562944880,17707,
Radiant's Judgment,W,{2}{W},0,https://c1.scryfall.com/file/scryfall-cards/normal/front/2/8/28d2718e-c6fc-4961-b094-11f25f1177ff.jpg?1562862779,12649,
Splicer's Skill,W,{2}{W},0,https://c1.scryfall.com/file/scryfall-cards/normal/front/c/5/c59dfb0f-45c7-431f-b5a3-d9b429fc6dde.jpg?1562201239,72434,
Cast Out,W,{3}{W},0,https://c1.scryfall.com/file/scryfall-cards/normal/front/7/6/76ff0dd0-489e-4773-93f6-b77fc3b8ef2e.jpg?1543674606,63618,
Decree of Justice,W,{X}{X}{2}{W}{W},0,https://c1.scryfall.com/file/scryfall-cards/normal/front/5/e/5e8a7e5c-f252-4de8-94d7-e7327210bf26.jpg?1562529682,18854,
Enduring Renewal,W,{2}{W}{W},0,https://c1.scryfall.com/file/scryfall-cards/normal/front/5/7/57a966e3-c9ba-4105-a36b-54ca70ba9b77.jpg?1562776464,26047,
Pursuit of Knowledge,W,{3}{W},0,https://c1.scryfall.com/file/scryfall-cards/normal/front/e/a/eaa577b1-2604-4065-a973-166521682a86.jpg?1562597837,10339,https://i.imgur.com/f3v6QuK.png
Knightly Valor,W,{4}{W},0,https://c1.scryfall.com/file/scryfall-cards/normal/front/1/2/122d821f-c8dd-4a3c-a6d7-b42fe5491f02.jpg?1562782886,46569,
Sigil of the Empty Throne,W,{3}{W}{W},0,https://c1.scryfall.com/file/scryfall-cards/normal/front/3/8/386f050c-0233-490f-94ab-92a7b5dc65cf.jpg?1562014960,57638,
Winds of Rath,W,{3}{W}{W},0,https://c1.scryfall.com/file/scryfall-cards/normal/front/a/6/a6d731b2-0113-4fd5-8b78-1aa1064bb4f5.jpg?1562055907,9933,
Akroma's Vengeance,W,{4}{W}{W},0,https://c1.scryfall.com/file/scryfall-cards/normal/front/5/e/5e33aaf7-7490-4b64-a966-82fbf7ca8686.jpg?1562917166,17761,
Feudkiller's Verdict,W,{4}{W}{W},0,https://c1.scryfall.com/file/scryfall-cards/normal/front/0/a/0a1fff8e-0379-4d56-b726-f5cc56e63d48.jpg?1562876753,29040,
Cloudfin Raptor,U,{U},1,https://c1.scryfall.com/file/scryfall-cards/normal/front/e/2/e2931f27-43f9-4e52-aab3-967c26739e43.jpg?1561849779,47523,
Coral Trickster,U,{1}{U},1,https://c1.scryfall.com/file/scryfall-cards/normal/front/f/f/ffcdcfa1-f499-4d95-9d79-3b3996cd75ed.jpg?1562949160,25565,
Dragon's Eye Savants,U,{1}{U},1,https://c1.scryfall.com/file/scryfall-cards/normal/front/9/f/9ff29b2c-2156-45fd-a2dd-655b8d208197.jpg?1562791201,54302,
Etherium Sculptor,U,{1}{U},1,https://c1.scryfall.com/file/scryfall-cards/normal/front/0/d/0d050f2d-bd65-4ab9-9ea6-9deba91b2792.jpg?1562701041,31213,
Fathom Seer,U,{1}{U},1,https://c1.scryfall.com/file/scryfall-cards/normal/front/2/0/20de275a-2e11-4452-8037-bc397dd53a8c.jpg?1562901915,25841,
Riddlesmith,U,{1}{U},1,https://c1.scryfall.com/file/scryfall-cards/normal/front/0/8/08e25713-05ea-4eed-aa7f-5ca4e57a8152.jpg?1562814354,38115,
Sigiled Starfish,U,{1}{U},1,https://c1.scryfall.com/file/scryfall-cards/normal/front/8/5/85a61f99-44f8-4a2b-b7f2-7899a694552d.jpg?1593095551,52282,
Voidmage Apprentice,U,{1}{U},1,https://c1.scryfall.com/file/scryfall-cards/normal/front/5/5/55924a25-e749-48f6-8ef1-1fa8376f96b1.jpg?1562912415,18421,
Watcher for Tomorrow,U,{1}{U},1,https://c1.scryfall.com/file/scryfall-cards/normal/front/1/5/15f01a3c-0a66-48da-a7d2-46260e3b721f.jpg?1562201546,72524,
Echo Tracer,U,{2}{U},1,https://c1.scryfall.com/file/scryfall-cards/normal/front/6/3/63390760-35a7-4b4c-8c68-5c84f90d0c58.jpg?1562915084,18417,
Jhessian Thief,U,{2}{U},1,https://c1.scryfall.com/file/scryfall-cards/normal/front/3/3/33b8553d-d326-4280-bc3a-2fffdd377cd2.jpg?1562014167,57910,
Laboratory Maniac,U,{2}{U},1,https://c1.scryfall.com/file/scryfall-cards/normal/front/8/0/809205f3-acf5-4244-b360-09ce4ba76795.jpg?1562832976,42560,
Monastery Flock,U,{2}{U},1,https://c1.scryfall.com/file/scryfall-cards/normal/front/e/5/e53c0e50-4b0b-43d8-80c0-2c216722c87a.jpg?1562795087,54290,
Ruination Guide,U,{2}{U},1,https://c1.scryfall.com/file/scryfall-cards/normal/front/f/0/f0bdbe64-d985-4bc5-bb1d-4cbf12ef60b2.jpg?1562952141,58661,
Sailor of Means,U,{2}{U},1,https://c1.scryfall.com/file/scryfall-cards/normal/front/6/7/67f15157-6017-4b05-8c74-b3f8728d764b.jpg?1562556881,65158,
Skilled Animator,U,{2}{U},1,https://c1.scryfall.com/file/scryfall-cards/normal/front/5/8/586d5000-1fdb-4bfe-aa34-63b25ee94bb9.jpg?1562302217,68307,
Avian Oddity,U,{3}{U},1,https://c1.scryfall.com/file/scryfall-cards/normal/front/f/3/f325873b-97de-4701-910f-ec5cdb66de33.jpg?1591230461,80093,
Master of Winds,U,{2}{U}{U},1,https://c1.scryfall.com/file/scryfall-cards/normal/front/0/c/0caaf92a-3d9d-4c52-acff-cf960ec55e47.jpg?1604194468,83089,
Mistfire Weaver,U,{3}{U},1,https://c1.scryfall.com/file/scryfall-cards/normal/front/8/0/8003a31f-7662-4e9e-8165-1ceea04fdf20.jpg?1562789282,54088,
Scholar of Stars,U,{3}{U},1,https://c1.scryfall.com/file/scryfall-cards/normal/front/c/b/cb4664d4-fb00-4572-a60d-00336117b8a5.jpg?1562304352,68303,
Unblinking Bleb,U,{3}{U},1,https://c1.scryfall.com/file/scryfall-cards/normal/front/0/6/06111178-685d-4bda-8325-1db142d5801c.jpg?1562896173,26692,
Whirler Rogue,U,{2}{U}{U},1,https://c1.scryfall.com/file/scryfall-cards/normal/front/0/f/0feb66d2-c50f-4296-af2f-b374c57443b0.jpg?1562007460,57926,
Chromeshell Crab,U,{4}{U},1,https://c1.scryfall.com/file/scryfall-cards/normal/front/e/0/e02a40a4-fa61-4595-810a-3796e0d71507.jpg?1562940039,18453,
Cloudreader Sphinx,U,{4}{U},1,https://c1.scryfall.com/file/scryfall-cards/normal/front/6/c/6c85a696-fa1a-4e05-b0aa-79b3381e849a.jpg?1562737341,67559,
Mulldrifter,U,{4}{U},1,https://c1.scryfall.com/file/scryfall-cards/normal/front/a/9/a97cfefa-ade7-49f6-b2aa-1118b9db4935.jpg?1562362394,28245,
Mystic of the Hidden Way,U,{4}{U},1,https://c1.scryfall.com/file/scryfall-cards/normal/front/7/b/7b5de843-e05d-43b5-a5d0-a737484fbd71.jpg?1562789034,53976,
Riftwing Cloudskate,U,{3}{U}{U},1,https://c1.scryfall.com/file/scryfall-cards/normal/front/7/8/78ad6c86-8cfb-4f24-b8e8-ecbeffc949b8.jpg?1562920341,25519,
Glacial Stalker,U,{5}{U},1,https://c1.scryfall.com/file/scryfall-cards/normal/front/8/8/8821c7b9-702b-416f-b006-941ad57f9e11.jpg?1562789833,53978,
Thousand Winds,U,{4}{U}{U},1,https://c1.scryfall.com/file/scryfall-cards/normal/front/2/4/249b453c-0d5b-4af9-aaec-ebd2f19c5d23.jpg?1562783727,54312,
Gearseeker Serpent,U,{5}{U}{U},1,https://c1.scryfall.com/file/scryfall-cards/normal/front/d/3/d32d8327-6ec2-4d43-b254-b04407612715.jpg?1576381212,61895,
Pearl Lake Ancient,U,{5}{U}{U},1,https://c1.scryfall.com/file/scryfall-cards/normal/front/f/b/fbee4d2f-6b41-4717-a1c6-831034452bec.jpg?1562796500,54482,
Annul,U,{U},0,https://c1.scryfall.com/file/scryfall-cards/normal/front/3/f/3f8c73ff-be92-41ca-93a7-76f9823adb38.jpg?1562908208,12315,
Clutch of Currents,U,{U},0,https://c1.scryfall.com/file/scryfall-cards/normal/front/3/d/3d20f482-e0b2-4e4a-be32-347ab112912c.jpg?1562909364,58357,
Leap,U,{U},0,https://c1.scryfall.com/file/scryfall-cards/normal/front/0/8/0841423d-7a27-4bc5-9ac2-0ba47648c6f1.jpg?1562595906,10303,
Witching Well,U,{U},0,https://c1.scryfall.com/file/scryfall-cards/normal/front/6/2/62d3132f-f897-4a7a-9de4-c6388e83f5ad.jpg?1572490052,78260,
Disdainful Stroke,U,{1}{U},0,https://c1.scryfall.com/file/scryfall-cards/normal/front/3/7/3711f61d-6381-4c92-a3f5-6deed29aae47.jpg?1562639749,55786,
Into the Roil,U,{1}{U},0,https://c1.scryfall.com/file/scryfall-cards/normal/front/5/d/5dba9972-dd8b-407b-9374-a8f0ed1a96db.jpg?1562612627,34448,
Logic Knot,U,{X}{U}{U},0,https://c1.scryfall.com/file/scryfall-cards/normal/front/4/e/4e946be1-4ed6-4e2c-9782-3f630f8a8e1f.jpg?1562910897,26616,
Mage's Guile,U,{1}{U},0,https://c1.scryfall.com/file/scryfall-cards/normal/front/3/0/301cb538-a931-4916-927b-4986046b1158.jpg?1562906277,17809,
Miscalculation,U,{1}{U},0,https://c1.scryfall.com/file/scryfall-cards/normal/front/4/b/4b4956a2-9a39-4152-9c98-70e4b2acfa26.jpg?1562862809,12607,
Ongoing Investigation,U,{1}{U},0,https://c1.scryfall.com/file/scryfall-cards/normal/front/1/9/19b8f962-8d4e-4dd8-a157-c0a55f9e152a.jpg?1576384167,60358,
Press for Answers,U,{1}{U},0,https://c1.scryfall.com/file/scryfall-cards/normal/front/5/e/5ec8b8bf-7b02-4f5e-bbd3-9560f9888192.jpg?1576384189,60166,
Reality Shift,U,{1}{U},0,https://c1.scryfall.com/file/scryfall-cards/normal/front/3/1/3147ff96-c085-42be-a044-4e7d96d76fc9.jpg?1562633821,55759,
Claustrophobia,U,{1}{U}{U},0,https://c1.scryfall.com/file/scryfall-cards/normal/front/b/7/b7e5f600-4d19-42a4-b57e-650c76041798.jpg?1562836024,42620,
Complicate,U,{2}{U},0,https://c1.scryfall.com/file/scryfall-cards/normal/front/3/3/33f69670-e494-42b8-9148-fe105ec61aa0.jpg?1562907165,17849,
Dissolve,U,{1}{U}{U},0,https://c1.scryfall.com/file/scryfall-cards/normal/front/9/9/992e8119-f933-4e54-bb04-e1cc78f7e87b.jpg?1562821811,50360,
Drake Haven,U,{2}{U},0,https://c1.scryfall.com/file/scryfall-cards/normal/front/4/3/4318da9d-dadf-444b-a0d4-fd270b216f5b.jpg?1543674943,63704,
Hornswoggle,U,{2}{U},0,https://c1.scryfall.com/file/scryfall-cards/normal/front/b/1/b10b8f15-b323-44d8-85a7-ed662a40889d.jpg?1555039907,66531,
Write into Being,U,{2}{U},0,https://c1.scryfall.com/file/scryfall-cards/normal/front/c/4/c4a8a726-7570-4823-848e-1132a5b7acce.jpg?1562634610,55755,https://i.imgur.com/s48jeOw.png
Choking Tethers,U,{3}{U},0,https://c1.scryfall.com/file/scryfall-cards/normal/front/d/4/d4de14d1-441f-4d65-bd12-df0506530015.jpg?1562945663,17839,
Coastal Discovery,U,{3}{U},0,https://c1.scryfall.com/file/scryfall-cards/normal/front/c/1/c1df2411-0b0d-4b93-bf30-a22487b3c6ef.jpg?1562940797,58359,
Commit // Memory,U,{3}{U} // {4}{U}{U},0,https://c1.scryfall.com/file/scryfall-cards/normal/front/0/6/06c9e2e8-2b4c-4087-9141-6aa25a506626.jpg?1549941334,64032,
Failed Inspection,U,{2}{U}{U},0,https://c1.scryfall.com/file/scryfall-cards/normal/front/f/8/f8900f91-cb17-4f99-a5ce-15819369beb8.jpg?1576381199,61659,
Taigam's Strike,U,{3}{U},0,https://c1.scryfall.com/file/scryfall-cards/normal/front/2/e/2ef5e279-14c4-4f91-b24d-c7098140efcd.jpg?1562784329,56180,https://i.imgur.com/41cLK5q.png
Confirm Suspicions,U,{3}{U}{U},0,https://c1.scryfall.com/file/scryfall-cards/normal/front/c/f/cf7fcbc2-1034-442d-9f2a-7d79ea40ac3d.jpg?1576384007,60328,
The Mirari Conjecture,U,{4}{U},0,https://c1.scryfall.com/file/scryfall-cards/normal/front/1/c/1c68954c-4bab-4973-9819-ecd084438303.jpg?1562732195,67579,
Treasure Cruise,U,{7}{U},0,https://c1.scryfall.com/file/scryfall-cards/normal/front/7/a/7a59d4b1-6cf4-44ec-8a96-1bb7094fea21.jpg?1562788963,54300,
Bloodsoaked Champion,B,{B},1,https://c1.scryfall.com/file/scryfall-cards/normal/front/3/4/34bc9bb0-5ec1-400f-89e7-b450980a3391.jpg?1562784700,54172,
Carnophage,B,{B},1,https://c1.scryfall.com/file/scryfall-cards/normal/front/d/1/d17c057f-cb1b-4895-831a-fb35c75d3845.jpg?1562088807,10655,
Ruthless Ripper,B,{B},1,https://c1.scryfall.com/file/scryfall-cards/normal/front/c/a/ca8a5c90-7581-47fa-b941-0709a9e2a756.jpg?1562634649,55767,
Ruthless Sniper,B,{B},1,https://c1.scryfall.com/file/scryfall-cards/normal/front/d/9/d916306a-5cb3-4a38-9038-a433525c5b7b.jpg?1543675382,63812,
Asylum Visitor,B,{1}{B},1,https://c1.scryfall.com/file/scryfall-cards/normal/front/5/5/55a4bf6c-167a-4122-a55b-7bc28ca4f0d4.jpg?1576384340,60324,
Basilica Screecher,B,{1}{B},1,https://c1.scryfall.com/file/scryfall-cards/normal/front/d/2/d233c6bc-c4dd-482d-b0f4-87359acab7cb.jpg?1561847589,47717,
Lampad of Death's Vigil,B,{1}{B},1,https://c1.scryfall.com/file/scryfall-cards/normal/front/e/8/e8c9ada9-ea25-4a96-a4be-e4cf8f7a014f.jpg?1581479856,79330,
Skinthinner,B,{1}{B},1,https://c1.scryfall.com/file/scryfall-cards/normal/front/8/9/89b8c392-da68-4894-b6e8-eb430141a0d7.jpg?1562922833,18409,
Sultai Emissary,B,{1}{B},1,https://c1.scryfall.com/file/scryfall-cards/normal/front/7/3/73be7ed8-0221-4e87-ac65-a7eb8cb8f48d.jpg?1562634187,55753,
Vile Manifestation,B,{1}{B},1,https://c1.scryfall.com/file/scryfall-cards/normal/front/7/1/7160bc31-bdfa-4654-9d69-95ee2a5fe870.jpg?1562803268,64644,
Wanted Scoundrels,B,{1}{B},1,https://c1.scryfall.com/file/scryfall-cards/normal/front/6/7/6704e4c9-3b5e-4ba5-a5bc-6d684e2983e9.jpg?1562556829,65278,
Wretched Anurid,B,{1}{B},1,https://c1.scryfall.com/file/scryfall-cards/normal/front/a/a/aab525ad-1f62-4d9c-9b74-c7b0048da452.jpg?1562935315,17949,
Zulaport Cutthroat,B,{1}{B},1,https://c1.scryfall.com/file/scryfall-cards/normal/front/5/c/5c963d97-c948-45d9-84cc-58e246d35970.jpg?1562916825,58401,
Bloodthirsty Aerialist,B,{1}{B}{B},1,https://c1.scryfall.com/file/scryfall-cards/normal/front/2/9/29156f28-38d8-4f65-b416-089f3fd97109.jpg?1592516615,73081,
Deathbloom Thallid,B,{2}{B},1,https://c1.scryfall.com/file/scryfall-cards/normal/front/2/3/236ead00-d43e-4079-b74d-09be9875fd2d.jpg?1592317493,67633,
Grim Haruspex,B,{2}{B},1,https://c1.scryfall.com/file/scryfall-cards/normal/front/c/f/cf1fe2bf-1640-4781-87b4-09a1f7d35831.jpg?1562793791,54340,
Phyrexian Negator,B,{2}{B},1,https://c1.scryfall.com/file/scryfall-cards/normal/front/4/5/45a02d67-5931-49ae-a28e-57aa6f9c7f83.jpg?1562443758,12757,
Ruin Raider,B,{2}{B},1,https://c1.scryfall.com/file/scryfall-cards/normal/front/4/5/457ba695-3637-40de-a8a8-e3a43a71674f.jpg?1562554428,65252,
Silversmote Ghoul,B,{2}{B},1,https://c1.scryfall.com/file/scryfall-cards/normal/front/f/f/ff5444cb-0ecd-4482-a8d8-09332f382dbd.jpg?1594736374,81471,
Undead Gladiator,B,{1}{B}{B},1,https://c1.scryfall.com/file/scryfall-cards/normal/front/b/b/bbc779d9-3200-4369-9289-1a8e90e243b9.jpg?1562939313,17977,
Woe Strider,B,{2}{B},1,https://c1.scryfall.com/file/scryfall-cards/normal/front/3/4/3457b558-b35b-49fd-b499-b1ec755f86ce.jpg?1581480044,79370,
Accursed Witch,B,{3}{B},1,https://c1.scryfall.com/file/scryfall-cards/normal/front/8/0/8093f8b0-5d50-48ca-b616-e92535a47138.jpg?1576384328,60370,https://c1.scryfall.com/file/scryfall-cards/normal/back/8/0/8093f8b0-5d50-48ca-b616-e92535a47138.jpg?1576384328
Disciple of Phenax,B,{2}{B}{B},1,https://c1.scryfall.com/file/scryfall-cards/normal/front/8/1/81c1137c-1cbd-4918-9d1c-a9d2bd88562e.jpg?1562820646,50466,
Smothering Abomination,B,{2}{B}{B},1,https://c1.scryfall.com/file/scryfall-cards/normal/front/c/d/cd81d0de-01a3-4f28-8a2b-c2e6f36a03c4.jpg?1562943507,58711,
Viscera Dragger,B,{3}{B},1,https://c1.scryfall.com/file/scryfall-cards/normal/front/6/d/6d6d2d84-7141-4485-8379-b3c71af47cd1.jpg?1562705126,31223,
Vulturous Aven,B,{3}{B},1,https://c1.scryfall.com/file/scryfall-cards/normal/front/b/2/b2fb0cc9-aebd-4bbf-8735-add3b753c118.jpg?1562791790,56352,
"Whisper, Blood Liturgist",B,{3}{B},1,https://c1.scryfall.com/file/scryfall-cards/normal/front/0/6/0647feeb-ad7a-40c7-830f-f307ba8339ad.jpg?1562730877,67687,
Blade Juggler,B,{4}{B},1,https://c1.scryfall.com/file/scryfall-cards/normal/front/0/9/099bc474-e656-4167-b105-3a3a36c0b23e.jpg?1584830468,71126,
Gray Merchant of Asphodel,B,{3}{B}{B},1,https://c1.scryfall.com/file/scryfall-cards/normal/front/b/0/b06078ce-f534-4e16-9a70-d51620a33eb2.jpg?1562824918,50562,
Keepsake Gorgon,B,{3}{B}{B},1,https://c1.scryfall.com/file/scryfall-cards/normal/front/a/c/ac988f7b-9a10-4b48-8215-50376dc8678c.jpg?1562824683,50362,
Phyrexian Delver,B,{3}{B}{B},1,https://c1.scryfall.com/file/scryfall-cards/normal/front/e/6/e66d87a5-7b67-4ec5-b5e2-518d67123118.jpg?1562941267,14515,
Priest of the Blood Rite,B,{3}{B}{B},1,https://c1.scryfall.com/file/scryfall-cards/normal/front/1/1/118ba6f2-a2f0-4554-ad87-a932c951cdd4.jpg?1562007654,57950,
Windgrace Acolyte,B,{4}{B},1,https://c1.scryfall.com/file/scryfall-cards/normal/front/f/8/f835285e-96d9-4574-a497-3b612cae8e22.jpg?1562745894,67689,
First-Sphere Gargantua,B,{4}{B}{B},1,https://c1.scryfall.com/file/scryfall-cards/normal/front/a/5/a59f4e5c-fdc7-485f-aadb-2a71b3701dcc.jpg?1562201638,72554,
Pontiff of Blight,B,{4}{B}{B},1,https://c1.scryfall.com/file/scryfall-cards/normal/front/7/2/72e5291f-9281-4cb7-9158-54b7cb336b93.jpg?1562916310,48342,
Necropolis Fiend,B,{7}{B}{B},1,https://c1.scryfall.com/file/scryfall-cards/normal/front/0/9/093426d2-29e0-49e4-b02a-a70cce3b25d5.jpg?1562782281,54342,
Duress,B,{B},0,https://c1.scryfall.com/file/scryfall-cards/normal/front/c/a/ca367f49-0f4a-4b7f-8104-851893fbcd8a.jpg?1562937711,12317,
Sinister Concoction,B,{B},0,https://c1.scryfall.com/file/scryfall-cards/normal/front/8/1/815ca911-ccc1-4466-8d12-054b8d241992.jpg?1576384588,60312,
Easy Prey,B,{1}{B},0,https://c1.scryfall.com/file/scryfall-cards/normal/front/3/1/312fb6e4-1eb1-4fbb-b7a4-125829a6e96a.jpg?1591226769,80183,
Murderous Compulsion,B,{1}{B},0,https://c1.scryfall.com/file/scryfall-cards/normal/front/3/3/33b94db1-ac8c-4667-81d5-408df0f30879.jpg?1576384534,60204,
Necromancer's Stockpile,B,{1}{B},0,https://c1.scryfall.com/file/scryfall-cards/normal/front/2/b/2ba07e86-fdef-4f51-808e-7780883eefe3.jpg?1562784407,53608,
Rush of Vitality,B,{1}{B},0,https://c1.scryfall.com/file/scryfall-cards/normal/front/1/e/1e53cd8b-18f8-4950-84d4-7aafa26c7ae4.jpg?1576381850,61931,
Drown in Sorrow,B,{1}{B}{B},0,https://c1.scryfall.com/file/scryfall-cards/normal/front/2/8/287c7570-8080-43dc-a586-963e15566446.jpg?1593091908,51679,
Faith of the Devoted,B,{2}{B},0,https://c1.scryfall.com/file/scryfall-cards/normal/front/3/c/3c26e0e0-d157-4d63-bebe-b02d208c5572.jpg?1543675274,63782,
Ichor Slick,B,{2}{B},0,https://c1.scryfall.com/file/scryfall-cards/normal/front/3/4/34603c3e-1078-48ca-9350-7d90c290b721.jpg?1562905566,26738,
Read the Bones,B,{2}{B},0,https://c1.scryfall.com/file/scryfall-cards/normal/front/d/b/dbbdbf1a-2d15-4291-aa19-614f854d8cb3.jpg?1562833564,50170,
Unburden,B,{1}{B}{B},0,https://c1.scryfall.com/file/scryfall-cards/normal/front/3/0/30d81da3-dc88-4cf7-ab9a-c8ade2cfa0e1.jpg?1543675450,63830,
Wander in Death,B,{2}{B},0,https://c1.scryfall.com/file/scryfall-cards/normal/front/a/e/aea7ad5c-d9b9-4b12-90dd-c02399d73b26.jpg?1543675458,63832,
Death Pulse,B,{2}{B}{B},0,https://c1.scryfall.com/file/scryfall-cards/normal/front/5/2/524fd470-e535-47ea-98a0-6187e429dfe1.jpg?1562914293,17961,
Foul Renewal,B,{3}{B},0,https://c1.scryfall.com/file/scryfall-cards/normal/front/e/3/e319b7ca-d0a4-43ff-8e87-2af6ead089f5.jpg?1562794534,55956,
Grisly Spectacle,B,{2}{B}{B},0,https://c1.scryfall.com/file/scryfall-cards/normal/front/c/2/c26d0f6e-e7bd-4206-a0da-1c9c203a73f2.jpg?1561844583,47725,
Annihilate,B,{3}{B}{B},0,https://c1.scryfall.com/file/scryfall-cards/normal/front/4/a/4a3bf039-ecf6-477e-997c-e32c55323c01.jpg?1562909994,14501,
Cruel Revival,B,{4}{B},0,https://c1.scryfall.com/file/scryfall-cards/normal/front/2/4/245aba23-2abb-4084-b4cb-d06e46de2108.jpg?1562903595,17919,
Murderous Cut,B,{4}{B},0,https://c1.scryfall.com/file/scryfall-cards/normal/front/b/2/b2dadff2-883f-4134-a881-be145cdcbd84.jpg?1562792142,54104,
Spinning Darkness,B,{4}{B}{B},0,https://c1.scryfall.com/file/scryfall-cards/normal/front/5/8/58e64a8e-84b1-416c-9fa7-8b10130dc9e9.jpg?1562800960,9151,
Stir the Sands,B,{4}{B}{B},0,https://c1.scryfall.com/file/scryfall-cards/normal/front/0/c/0cb84193-9648-46e5-a34d-c12cc3f1d7f2.jpg?1543675420,63822,
Phthisis,B,{3}{B}{B}{B}{B},0,https://c1.scryfall.com/file/scryfall-cards/normal/front/9/b/9ba55f16-a37c-4caa-9417-227a06cf4061.jpg?1562927843,25545,
Akroan Crusader,R,{R},1,https://c1.scryfall.com/file/scryfall-cards/normal/front/a/4/a47c50d9-11ec-486b-a5ce-5a6b70858f30.jpg?1562823279,50496,
Monastery Swiftspear,R,{R},1,https://c1.scryfall.com/file/scryfall-cards/normal/front/b/8/b81c6c8b-a9cf-4866-89ba-7f8ad077b836.jpg?1562792493,54108,
Satyr Hoplite,R,{R},1,https://c1.scryfall.com/file/scryfall-cards/normal/front/b/8/b8754d66-facb-432e-a6c2-91430a6dec94.jpg?1593096089,51994,
Arena Athlete,R,{1}{R},1,https://c1.scryfall.com/file/scryfall-cards/normal/front/e/2/e201d9e6-d611-4dc4-b665-9062b449f859.jpg?1562835004,50228,
Burning Prophet,R,{1}{R},1,https://c1.scryfall.com/file/scryfall-cards/normal/front/0/1/01c5b095-13c9-4673-bf0c-553de455e521.jpg?1557576630,71840,
Incendiary Oracle,R,{1}{R},1,https://c1.scryfall.com/file/scryfall-cards/normal/front/e/b/eb6b9b5c-35ff-47ac-9b04-71257314b686.jpg?1581480217,79404,
Ire Shaman,R,{1}{R},1,https://c1.scryfall.com/file/scryfall-cards/normal/front/1/8/18f8ac7a-a68a-4adf-995f-1cd96ee3d295.jpg?1562783088,56102,
Mage-Ring Bully,R,{1}{R},1,https://c1.scryfall.com/file/scryfall-cards/normal/front/1/a/1a129f22-dd7e-4b2c-a514-a2ac55bb5661.jpg?1562009166,57986,
Mogg War Marshal,R,{1}{R},1,https://c1.scryfall.com/file/scryfall-cards/normal/front/8/b/8b9e0bdb-b615-447a-b80d-d7244c25c56e.jpg?1562924530,25757,
Rimrock Knight,R,{1}{R},1,https://c1.scryfall.com/file/scryfall-cards/normal/front/b/2/b218d970-d3a9-4845-8ee9-efad9aff0fdd.jpg?1571368134,78750,
Thermo-Alchemist,R,{1}{R},1,https://c1.scryfall.com/file/scryfall-cards/normal/front/c/6/c6c194ea-32a5-4683-a6da-4a93d9b4722e.jpg?1576384707,61198,
Torch Fiend,R,{1}{R},1,https://c1.scryfall.com/file/scryfall-cards/normal/front/d/5/d596feee-6ccc-4648-884b-ed2eeb1cffc0.jpg?1562945869,43219,
Alpine Guide,R,{2}{R},1,https://c1.scryfall.com/file/scryfall-cards/normal/front/e/5/e54423c1-ebea-4b5c-b563-1d14c104eb91.jpg?1562201791,72606,
Burning-Tree Vandal,R,{2}{R},1,https://c1.scryfall.com/file/scryfall-cards/normal/front/c/5/c5674753-17e4-4e35-a12c-13e1e077ec70.jpg?1584830806,71188,
Dragonsoul Knight,R,{2}{R},1,https://c1.scryfall.com/file/scryfall-cards/normal/front/1/4/14674d80-2571-4794-863e-247c2e2cfc3e.jpg?1562799579,31903,
Ghirapur Gearcrafter,R,{2}{R},1,https://c1.scryfall.com/file/scryfall-cards/normal/front/f/0/f05cafb6-8812-42bb-ad14-3dde4bcb7034.jpg?1562049174,58040,
Merchant of the Vale,R,{2}{R},1,https://c1.scryfall.com/file/scryfall-cards/normal/front/0/3/039c20ab-13c4-426a-888c-9093340a85a0.jpg?1571367936,78778,
Qal Sisma Behemoth,R,{2}{R},1,https://c1.scryfall.com/file/scryfall-cards/normal/front/e/a/ea70e96a-bebd-4ca4-aa24-e5fd0df38b8a.jpg?1562795011,55994,
Stampede Rider,R,{2}{R},1,https://c1.scryfall.com/file/scryfall-cards/normal/front/c/3/c32c6192-2f8d-4656-af8b-c488e27a75e1.jpg?1581480421,79434,
Atarka Efreet,R,{3}{R},1,https://c1.scryfall.com/file/scryfall-cards/normal/front/b/1/b192067c-7cdb-4d3c-95b7-819733e44678.jpg?1562791696,56346,
Blistering Firecat,R,{1}{R}{R}{R},1,https://c1.scryfall.com/file/scryfall-cards/normal/front/e/0/e0ddcf4a-1943-49dd-a02c-75804ce4bc3e.jpg?1562948535,18075,
Goblin Heelcutter,R,{3}{R},1,https://c1.scryfall.com/file/scryfall-cards/normal/front/5/b/5b3bfeb6-95d6-4f00-8981-c6d3c9c93f67.jpg?1562825544,55478,
Mardu Heart-Piercer,R,{3}{R},1,https://c1.scryfall.com/file/scryfall-cards/normal/front/d/1/d17b6eee-da22-48aa-ba8a-cbd1a3389bcb.jpg?1562793937,54112,
Pyre Hound,R,{3}{R},1,https://c1.scryfall.com/file/scryfall-cards/normal/front/5/d/5d19c5fb-01af-4ca4-af7e-00ec2a748afd.jpg?1576384860,60216,
"Zada, Hedron Grinder",R,{3}{R},1,https://c1.scryfall.com/file/scryfall-cards/normal/front/f/c/fc0969f1-92a0-47c3-8eff-d106fbef2f7e.jpg?1562954742,58559,
Arc-Slogger,R,{3}{R}{R},1,https://c1.scryfall.com/file/scryfall-cards/normal/front/d/3/d3dd67e0-72b4-4c55-b49b-c69950feccb1.jpg?1562158892,20139,
Cyclops Electromancer,R,{4}{R},1,https://c1.scryfall.com/file/scryfall-cards/normal/front/d/a/da0966a6-f378-4975-88ae-23b600d578bf.jpg?1557576659,71850,
Flamerush Rider,R,{4}{R},1,https://c1.scryfall.com/file/scryfall-cards/normal/front/3/0/304107d6-d096-43a1-956f-5a3b6ed6dc60.jpg?1562823942,55612,
Incorrigible Youths,R,{3}{R}{R},1,https://c1.scryfall.com/file/scryfall-cards/normal/front/6/1/61416f27-e1d5-4abf-819c-d3abca3f3d60.jpg?1562912995,60470,
Ogre Enforcer,R,{3}{R}{R},1,https://c1.scryfall.com/file/scryfall-cards/normal/front/b/0/b0f072d6-7489-4eb0-8c53-1fa42ad806a4.jpg?1562278177,7655,
Tyrant of Valakut,R,{5}{R}{R},1,https://c1.scryfall.com/file/scryfall-cards/normal/front/f/3/f388be9e-332e-4199-9f30-862d631fa26b.jpg?1562943954,59547,
Bringer of the Red Dawn,R,{7}{R}{R},1,https://c1.scryfall.com/file/scryfall-cards/normal/front/1/6/16a58bb1-4c4d-41f2-9c69-d3c3a8a8ab09.jpg?1562875616,20888,
Burst Lightning,R,{R},0,https://c1.scryfall.com/file/scryfall-cards/normal/front/d/b/db539e3e-cefe-4f2c-bc8e-df049426895f.jpg?1561758208,37610,https://c1.scryfall.com/file/scryfall-cards/normal/front/2/d/2dc16614-5cf8-444d-a5ae-cac25018af68.jpg?1562610949
Gamble,R,{R},0,https://c1.scryfall.com/file/scryfall-cards/normal/front/0/e/0ee0f160-7339-4d98-8a8c-f08889ee52f5.jpg?1562898053,60974,
Heat Ray,R,{X}{R},0,https://c1.scryfall.com/file/scryfall-cards/normal/front/6/a/6a27f90e-d156-439c-b5e5-6d53bd510fe7.jpg?1562917191,12341,
Maximize Velocity,R,{R},0,https://c1.scryfall.com/file/scryfall-cards/normal/front/e/b/ebb7a2aa-f002-4f05-b9ec-8adee4c65e46.jpg?1572893227,69595,
Titan's Strength,R,{R},0,https://c1.scryfall.com/file/scryfall-cards/normal/front/3/d/3db6ee53-c5e6-4344-9f35-084cd8cc9cd3.jpg?1562817000,50632,
Final Fortune,R,{R}{R},0,https://c1.scryfall.com/file/scryfall-cards/normal/front/8/3/83589c25-58a2-4172-8f60-6033a61f34c6.jpg?1562720457,6971,
Fists of Flame,R,{1}{R},0,https://c1.scryfall.com/file/scryfall-cards/normal/front/4/f/4fa3c0d8-0a3e-43b0-b81e-a3d22ce6a4b2.jpg?1562201826,72618,
Magma Jet,R,{1}{R},0,https://c1.scryfall.com/file/scryfall-cards/normal/front/9/7/97ac3fe1-7b7a-4447-a2d5-694f48c71c4a.jpg?1581806725,37943,
Ordeal of Purphoros,R,{1}{R},0,https://c1.scryfall.com/file/scryfall-cards/normal/front/e/f/efb74ccc-5ae5-4437-a0b4-c621ab4c2257.jpg?1562837203,50366,
Tribal Flames,R,{1}{R},0,https://c1.scryfall.com/file/scryfall-cards/normal/front/9/b/9b32531e-c759-4603-abd0-1724e8df70db.jpg?1562926326,14689,
Dragon Grip,R,{2}{R},0,https://c1.scryfall.com/file/scryfall-cards/normal/front/0/2/0269d5bd-d8aa-465b-bfe9-6703937f933c.jpg?1562781842,54366,
Firecannon Blast,R,{1}{R}{R},0,https://c1.scryfall.com/file/scryfall-cards/normal/front/b/1/b1f083c3-d7b0-4d3d-8551-af52c7883d83.jpg?1562562389,65306,
Furious Rise,R,{2}{R},0,https://c1.scryfall.com/file/scryfall-cards/normal/front/2/5/2531fb76-038b-49ab-b4d6-31b291faa7ca.jpg?1581480160,79396,
Hordeling Outburst,R,{1}{R}{R},0,https://c1.scryfall.com/file/scryfall-cards/normal/front/4/1/419280e0-5d5d-4836-aa5d-c1ca581787eb.jpg?1562639765,55783,
Imminent Doom,R,{2}{R},0,https://c1.scryfall.com/file/scryfall-cards/normal/front/a/5/a51f8207-485e-4a4e-aa62-8e0e69645a0e.jpg?1562809390,64680,
Radiant Flames,R,{2}{R},0,https://c1.scryfall.com/file/scryfall-cards/normal/front/7/0/70f4fe69-c541-4320-9074-9c6a3bc70ea3.jpg?1562921619,58741,
Scrap,R,{2}{R},0,https://c1.scryfall.com/file/scryfall-cards/normal/front/3/f/3f070430-59d6-462f-9f04-306ffc2ae01b.jpg?1562908085,12049,
Aftershock,R,{2}{R}{R},0,https://c1.scryfall.com/file/scryfall-cards/normal/front/c/9/c91a26b2-03f8-43f0-a3a4-ff6c5a3690c4.jpg?1587857346,9597,
Dance with Devils,R,{3}{R},0,https://c1.scryfall.com/file/scryfall-cards/normal/front/f/1/f1112ebe-2a42-48b9-b0e5-f708305d088a.jpg?1576384694,60308,
Solar Blast,R,{3}{R},0,https://c1.scryfall.com/file/scryfall-cards/normal/front/b/3/b36fc40c-6a68-4192-91d9-2031c7d32e05.jpg?1562937333,18071,
Alchemist's Greeting,R,{4}{R},0,https://c1.scryfall.com/file/scryfall-cards/normal/front/8/f/8f33aaa1-cbaa-40a9-889e-3eca26b3a549.jpg?1576384503,61194,
Pyrotechnics,R,{4}{R},0,https://c1.scryfall.com/file/scryfall-cards/normal/front/2/6/2646284b-a94d-4c99-98d4-7becbb473e2b.jpg?1562858223,55466,
Dragon Roost,R,{4}{R}{R},0,https://c1.scryfall.com/file/scryfall-cards/normal/front/9/5/95e4f28b-c7a7-4450-b477-73e4559f0276.jpg?1562930321,18089,
Fiery Fall,R,{5}{R},0,https://c1.scryfall.com/file/scryfall-cards/normal/front/6/8/687bb467-b447-4901-8a65-cd91fd3aa15d.jpg?1562801457,31775,
Slice and Dice,R,{4}{R}{R},0,https://c1.scryfall.com/file/scryfall-cards/normal/front/5/9/59262684-86e3-4485-9e35-202771c3eaa6.jpg?1562916006,18087,
Birds of Paradise,G,{G},1,https://c1.scryfall.com/file/scryfall-cards/normal/front/4/f/4f94309b-1049-4ab4-b7f0-745938c87b3f.jpg?1561979415,33077,
Fyndhorn Elves,G,{G},1,https://c1.scryfall.com/file/scryfall-cards/normal/front/4/3/43add588-eac2-4560-adac-b0721d021694.jpg?1559592462,28031,
Broodhatch Nantuko,G,{1}{G},1,https://c1.scryfall.com/file/scryfall-cards/normal/front/3/8/38315ba3-57a0-4aa0-b1bc-4b1fcdd763d4.jpg?1562908205,18151,
Heir of the Wilds,G,{1}{G},1,https://c1.scryfall.com/file/scryfall-cards/normal/front/f/1/f18d7e24-3ba9-458e-a8e1-05a9834e0cce.jpg?1562701661,54555,
Hooded Hydra,G,{X}{G}{G},1,https://c1.scryfall.com/file/scryfall-cards/normal/front/9/d/9d7e651f-4187-44c5-99bf-34042d6dd9a2.jpg?1562791088,54410,
Leafcrown Dryad,G,{1}{G},1,https://c1.scryfall.com/file/scryfall-cards/normal/front/8/2/8202e426-ad91-4d2e-9373-7a829b58fff5.jpg?1562820665,50346,
Moldgraf Scavenger,G,{1}{G},1,https://c1.scryfall.com/file/scryfall-cards/normal/front/7/6/76755763-7c02-451f-b799-2106a3a4973b.jpg?1576385167,60044,
Multani's Acolyte,G,{G}{G},1,https://c1.scryfall.com/file/scryfall-cards/normal/front/4/e/4e5fdecb-bca0-48ea-b5bb-d0886c7d3316.jpg?1562862815,12523,
Obsessive Skinner,G,{1}{G},1,https://c1.scryfall.com/file/scryfall-cards/normal/front/b/2/b2cc3b9d-4b32-4b2e-9027-876210ccf18e.jpg?1576385178,59940,
Rattleclaw Mystic,G,{1}{G},1,https://c1.scryfall.com/file/scryfall-cards/normal/front/4/f/4fb6c2e0-eeaa-4d60-aab7-2b8c739a9278.jpg?1562786444,54176,
Sakura-Tribe Elder,G,{1}{G},1,https://c1.scryfall.com/file/scryfall-cards/normal/front/9/1/91c7707a-bae0-4196-bf26-d276f57b7369.jpg?1562762515,21097,
Tempting Wurm,G,{1}{G},1,https://c1.scryfall.com/file/scryfall-cards/normal/front/8/5/857c2b6c-cfdf-4c88-a334-2937cb7db603.jpg?1562926442,18191,
Werebear,G,{1}{G},1,https://c1.scryfall.com/file/scryfall-cards/normal/front/9/6/964cf7e3-932d-432f-8ad4-9bd651aada96.jpg?1562922922,16615,
Autumnal Gloom,G,{2}{G},1,https://c1.scryfall.com/file/scryfall-cards/normal/front/d/4/d41b07c8-f0c8-4654-bcc2-00c785c8c628.jpg?1576384999,60398,https://c1.scryfall.com/file/scryfall-cards/normal/back/d/4/d41b07c8-f0c8-4654-bcc2-00c785c8c628.jpg?1576384999
Byway Courier,G,{2}{G},1,https://c1.scryfall.com/file/scryfall-cards/normal/front/2/f/2f243a51-bbd3-4028-a469-469ab5591aae.jpg?1576385010,60340,
Hunting Moa,G,{2}{G},1,https://c1.scryfall.com/file/scryfall-cards/normal/front/7/9/795f6b3d-823f-414f-acd8-1c59a100fdd7.jpg?1562778627,26125,
Silkweaver Elite,G,{2}{G},1,https://c1.scryfall.com/file/scryfall-cards/normal/front/d/1/d10938c8-6fc4-495f-912a-1d3f12278f78.jpg?1576382088,62785,
Spike Feeder,G,{1}{G}{G},1,https://c1.scryfall.com/file/scryfall-cards/normal/front/3/7/3751b2ae-a234-4691-984b-2f9f6b1cd1df.jpg?1562596387,10391,
Trusted Forcemage,G,{2}{G},1,https://c1.scryfall.com/file/scryfall-cards/normal/front/3/e/3ee66ef9-10a7-4aab-88f7-84956811cc6c.jpg?1592709472,43973,
Centaur Chieftain,G,{3}{G},1,https://c1.scryfall.com/file/scryfall-cards/normal/front/a/8/a8fa0a57-e7eb-454e-9527-3db702b54935.jpg?1562631405,17301,
Lhurgoyf,G,{2}{G}{G},1,https://c1.scryfall.com/file/scryfall-cards/normal/front/f/e/fee6d385-d44b-4f1a-beb1-13aeebde063e.jpg?1562943042,19628,
Longshot Squad,G,{3}{G},1,https://c1.scryfall.com/file/scryfall-cards/normal/front/d/d/dd9edd62-dc18-4887-a020-4464e31b79c2.jpg?1562794643,54380,
Mold Shambler,G,{3}{G},1,https://c1.scryfall.com/file/scryfall-cards/normal/front/9/0/903cb570-d769-4d7f-afbe-90ebad96657c.jpg?1562614361,34510,
Nantuko Vigilante,G,{3}{G},1,https://c1.scryfall.com/file/scryfall-cards/normal/front/e/7/e7474849-a6b4-4f3b-a836-37b88c26047b.jpg?1562941424,18459,
Salt Road Ambushers,G,{3}{G},1,https://c1.scryfall.com/file/scryfall-cards/normal/front/5/6/56c1111a-9680-4d34-8cf7-af16ae508a72.jpg?1562786532,56300,
Stampeding Wildebeests,G,{2}{G}{G},1,https://c1.scryfall.com/file/scryfall-cards/normal/front/d/d/ddb5f524-fad6-4a63-b20f-3348a844fefa.jpg?1562278656,7731,
Thelonite Hermit,G,{3}{G},1,https://c1.scryfall.com/file/scryfall-cards/normal/front/b/e/be95b6b0-ff20-405f-81ae-87f5cce45fb2.jpg?1562935299,25917,
Gigapede,G,{3}{G}{G},1,https://c1.scryfall.com/file/scryfall-cards/normal/front/0/a/0a96a608-9237-41c1-824c-89d5fad939ad.jpg?1562897409,18157,
Lifecraft Cavalry,G,{4}{G},1,https://c1.scryfall.com/file/scryfall-cards/normal/front/b/2/b2a92a03-4e1d-4b79-ad75-a29db2ea5495.jpg?1576382009,62765,
Pine Walker,G,{3}{G}{G},1,https://c1.scryfall.com/file/scryfall-cards/normal/front/9/3/93a49d9c-8fe7-494b-9a26-cf4bde71e420.jpg?1562790508,54396,
Somberwald Stag,G,{3}{G}{G},1,https://c1.scryfall.com/file/scryfall-cards/normal/front/6/5/651428a8-27af-4137-84f0-f71274a8b4a6.jpg?1576384872,61252,
Springmantle Cleric,G,{4}{G},1,https://c1.scryfall.com/file/scryfall-cards/normal/front/8/d/8d822730-6d81-4dbc-a3c3-ce96d29a1078.jpg?1604199462,83399,
Fangren Marauder,G,{5}{G},1,https://c1.scryfall.com/file/scryfall-cards/normal/front/f/5/f5cf62a2-d03a-495d-924a-bf79524175fa.jpg?1562615957,39331,
Nemesis of Mortals,G,{4}{G}{G},1,https://c1.scryfall.com/file/scryfall-cards/normal/front/c/4/c4010889-1d7a-4db3-a27c-c39baa024765.jpg?1562829927,50490,
Temur War Shaman,G,{4}{G}{G},1,https://c1.scryfall.com/file/scryfall-cards/normal/front/a/8/a873164f-d8eb-460e-a8cc-8b2a663dcf3a.jpg?1562828567,55676,
Beanstalk Giant,G,{6}{G},1,https://c1.scryfall.com/file/scryfall-cards/normal/front/4/9/49875f7a-31b9-4276-b971-8ead1e18fc81.jpg?1571399896,78786,
Krosan Tusker,G,{5}{G}{G},1,https://c1.scryfall.com/file/scryfall-cards/normal/front/0/b/0b872f85-60c5-44c4-956d-a8aa8132908b.jpg?1562897602,18321,
Venomspout Brackus,G,{6}{G},1,https://c1.scryfall.com/file/scryfall-cards/normal/front/0/7/0774771c-5373-4636-9174-d06e7d635183.jpg?1562896736,18145,
Bringer of the Green Dawn,G,{7}{G}{G},1,https://c1.scryfall.com/file/scryfall-cards/normal/front/b/c/bc208f3e-5a6a-4fae-8a7c-2bed28ad0c41.jpg?1562879470,20886,
Font of Fertility,G,{G},0,https://c1.scryfall.com/file/scryfall-cards/normal/front/a/c/ac8d1ecb-de7c-4641-81da-13117820195c.jpg?1593096189,52080,
Vessel of Nascency,G,{G},0,https://c1.scryfall.com/file/scryfall-cards/normal/front/8/9/89533790-38c2-4b53-90fa-8abf8c1a6abb.jpg?1576385291,60230,
Windstorm,G,{X}{G},0,https://c1.scryfall.com/file/scryfall-cards/normal/front/e/e/ee3768ec-bb3b-44dc-9fa3-7cb3d3ee9f8c.jpg?1562000543,32905,
Grapple with the Past,G,{1}{G},0,https://c1.scryfall.com/file/scryfall-cards/normal/front/d/4/d44a77a6-e8a1-4706-886f-8ab3af56b342.jpg?1576384800,61230,
Quiet Disrepair,G,{1}{G},0,https://c1.scryfall.com/file/scryfall-cards/normal/front/5/4/541ce95e-5102-44fb-b74d-7469331ca9cc.jpg?1562912121,26782,
Savage Punch,G,{1}{G},0,https://c1.scryfall.com/file/scryfall-cards/normal/front/6/c/6c6b50dc-244a-4df5-a9a9-5a2b8f30d40c.jpg?1562788166,54046,https://i.imgur.com/MBE07lp.png
Trail of Mystery,G,{1}{G},0,https://c1.scryfall.com/file/scryfall-cards/normal/front/6/1/6149685f-cb05-4c1f-95a4-3810505d1a95.jpg?1562787478,54178,https://i.imgur.com/PsXVoU8.png
Wildcall,G,{X}{G}{G},0,https://c1.scryfall.com/file/scryfall-cards/normal/front/0/6/065fc4d8-c097-4d0e-81cf-22a0b694be9a.jpg?1562822112,55408,
Mouth // Feed,G,{2}{G} // {3}{G},0,https://c1.scryfall.com/file/scryfall-cards/normal/front/a/4/a47070a0-fd05-4ed9-a175-847a864478da.jpg?1549941630,64050,
Primal Boost,G,{2}{G},0,https://c1.scryfall.com/file/scryfall-cards/normal/front/f/1/f1b91a5a-9328-4fc6-a2f6-a7879281e145.jpg?1562952412,18181,
Ulvenwald Mysteries,G,{2}{G},0,https://c1.scryfall.com/file/scryfall-cards/normal/front/9/1/911a2b5d-7e2d-4358-8e38-cbae7192e4d4.jpg?1576385285,60266,
Greater Good,G,{2}{G}{G},0,https://c1.scryfall.com/file/scryfall-cards/normal/front/1/2/12befd35-2dc6-4852-a153-75b553042643.jpg?1562898942,51542,
Aid from the Cowl,G,{3}{G}{G},0,https://c1.scryfall.com/file/scryfall-cards/normal/front/5/6/565cb7fc-cf90-4020-84fe-05ec7b18709d.jpg?1576381957,62807,
Spider Spawning,G,{4}{G},0,https://c1.scryfall.com/file/scryfall-cards/normal/front/f/9/f97007af-6642-4105-8d8c-4223681e1cf9.jpg?1562839993,42396,
The Mending of Dominaria,G,{3}{G}{G},0,https://c1.scryfall.com/file/scryfall-cards/normal/front/0/d/0d5e4d9a-34e1-46eb-814b-8e3bd4475b8a.jpg?1562731319,67811,https://i.imgur.com/g70POfW.png
Become Immense,G,{5}{G},0,https://c1.scryfall.com/file/scryfall-cards/normal/front/5/e/5e17b65e-56c3-4e12-a774-780514dfd8ba.jpg?1562787250,54400,
Seasons Past,G,{4}{G}{G},0,https://c1.scryfall.com/file/scryfall-cards/normal/front/6/6/668afd78-3cf5-4daf-8dfb-fca90de0ae5a.jpg?1576385218,59856,
Zendikar Resurgent,G,{5}{G}{G},0,https://c1.scryfall.com/file/scryfall-cards/normal/front/6/7/67f02bc3-b565-4a38-8313-eb47ff31db8d.jpg?1562915958,59367,
Arcanist's Owl,ally,{W/U}{W/U}{W/U}{W/U},1,https://c1.scryfall.com/file/scryfall-cards/normal/front/b/4/b42e1359-c79d-4848-a0f1-3f274e0bf0d9.jpg?1572490865,78556,
Ethercaste Knight,ally,{W}{U},1,https://c1.scryfall.com/file/scryfall-cards/normal/front/0/9/094a235d-a5b8-434e-b4b0-c982da45a54d.jpg?1562639538,32268,
"Temmet, Vizier of Naktamun",ally,{W}{U},1,https://c1.scryfall.com/file/scryfall-cards/normal/front/6/a/6af12a34-52a1-4940-a8d5-9e9811fcd59f.jpg?1543676111,64016,
"Hanna, Ship's Navigator",ally,{1}{W}{U},1,https://c1.scryfall.com/file/scryfall-cards/normal/front/8/3/83a4e48d-6452-4245-bdad-63fe3263550e.jpg?1562921669,82434,
Glassdust Hulk,ally,{3}{W}{U},1,https://c1.scryfall.com/file/scryfall-cards/normal/front/3/9/397e6ff5-f5ee-4963-9942-4aa25f5eb64a.jpg?1562640655,32302,
Sky Hussar,ally,{3}{W}{U},1,https://c1.scryfall.com/file/scryfall-cards/normal/front/9/a/9a795ea0-5a8f-4dc2-863b-d3c00844d873.jpg?1593273776,24065,
Depose // Deploy,ally,{1}{W/U} // {2}{W}{U},0,https://c1.scryfall.com/file/scryfall-cards/normal/front/a/b/ab0ba4ef-9e82-4177-a80f-8fa6f6a5bd60.jpg?1584832041,71470,
Lawmage's Binding,ally,{1}{W}{U},0,https://c1.scryfall.com/file/scryfall-cards/normal/front/a/8/a8a7be1f-3fba-4ff2-a4f1-aebd3d20da8f.jpg?1584831664,71380,
Vanish into Memory,ally,{2}{W}{U},0,https://c1.scryfall.com/file/scryfall-cards/normal/front/6/d/6da89cfe-274f-452d-a5ca-b034534898c7.jpg?1593275559,24521,
Tidehollow Strix,ally,{U}{B},1,https://c1.scryfall.com/file/scryfall-cards/normal/front/4/a/4aafc65d-faa8-4bfe-83ac-7714c969022b.jpg?1562703569,31079,
Bane Alley Broker,ally,{1}{U}{B},1,https://c1.scryfall.com/file/scryfall-cards/normal/front/7/9/7996df7f-70f5-412c-9573-9512e4e131ac.jpg?1561832348,47603,
Siren of the Silent Song,ally,{1}{U}{B},1,https://c1.scryfall.com/file/scryfall-cards/normal/front/9/9/990f4438-aa74-4460-8bac-93480d0bb0dc.jpg?1593092828,51861,
Architects of Will,ally,{2}{U}{B},1,https://c1.scryfall.com/file/scryfall-cards/normal/front/e/d/edd69ea7-aab6-4f30-98f4-640cb0a6046c.jpg?1562644950,32322,
Haunter of Nightveil,ally,{3}{U}{B},1,https://c1.scryfall.com/file/scryfall-cards/normal/front/4/3/438683f5-adfa-42ae-a6fb-c4649a8a30ab.jpg?1562907360,48434,
Nemesis of Reason,ally,{3}{U}{B},1,https://c1.scryfall.com/file/scryfall-cards/normal/front/1/0/105176cc-26b0-42a8-8913-5540f54656f7.jpg?1562639710,32446,
Possessed Skaab,ally,{3}{U}{B},1,https://c1.scryfall.com/file/scryfall-cards/normal/front/6/e/6ebc94e5-a595-43ab-929b-426009190669.jpg?1562025029,58106,
Far // Away,ally,{1}{U} // {2}{B},0,https://c1.scryfall.com/file/scryfall-cards/normal/front/d/1/d13cdb71-a499-41db-84e6-95f84650c524.jpg?1562934087,48520,
River's Grasp,ally,{3}{U/B},0,https://c1.scryfall.com/file/scryfall-cards/normal/front/1/2/1209bb9d-8aeb-4d7c-85bb-d9e9a24e36ac.jpg?1568911069,29813,
Avatar of Discord,ally,{B/R}{B/R}{B/R},1,https://c1.scryfall.com/file/scryfall-cards/normal/front/0/6/06824d21-600b-44cd-8b51-0d8379cb0b47.jpg?1593273844,23988,
Spiteflame Witch,ally,{1}{B/R},1,https://c1.scryfall.com/file/scryfall-cards/normal/front/4/1/41d1a332-f950-4f56-9b1e-37c0954e72f6.jpg?1562829271,29357,
Kathari Bomber,ally,{1}{B}{R},1,https://c1.scryfall.com/file/scryfall-cards/normal/front/6/c/6c0d4f83-6319-4d40-9fee-6a44b05c8e9e.jpg?1562641928,32330,
Bloodhall Priest,ally,{2}{B}{R},1,https://c1.scryfall.com/file/scryfall-cards/normal/front/c/4/c4824cca-0039-4486-be8f-650dac2c8e9f.jpg?1576384968,61478,
Merciless Javelineer,ally,{2}{B}{R},1,https://c1.scryfall.com/file/scryfall-cards/normal/front/e/e/ee0e8c57-3046-414d-be00-39bfb2537026.jpg?1543676077,64006,
Swift Warkite,ally,{4}{B}{R},1,https://c1.scryfall.com/file/scryfall-cards/normal/front/f/6/f62db9d7-3cc7-49cb-bffc-d2f9c286aa36.jpg?1562795750,56372,
Riot Spikes,ally,{B/R},0,https://c1.scryfall.com/file/scryfall-cards/normal/front/6/3/63d0f909-9906-4ff7-9b10-9d817f20d8a9.jpg?1593273890,24009,
Auger Spree,ally,{1}{B}{R},0,https://c1.scryfall.com/file/scryfall-cards/normal/front/9/5/9580a40b-b413-4f0d-9b38-13903a9d367d.jpg?1592376620,46651,
Get the Point,ally,{3}{B}{R},0,https://c1.scryfall.com/file/scryfall-cards/normal/front/8/2/821c4ab5-eb75-445a-bbec-e50af54dba7a.jpg?1584831541,71352,
Zhur-Taa Druid,ally,{R}{G},1,https://c1.scryfall.com/file/scryfall-cards/normal/front/f/d/fd565782-8b2f-4b9f-a62d-4af60af20a82.jpg?1562942763,48238,
Draconic Disciple,ally,{1}{R}{G},1,https://c1.scryfall.com/file/scryfall-cards/normal/front/a/3/a353510a-30de-4891-97b9-d7d556531c41.jpg?1562303439,68591,
Leafkin Avenger,ally,{2}{R}{G},1,https://c1.scryfall.com/file/scryfall-cards/normal/front/7/b/7bd3a903-23e0-4b5a-9c7e-390d5ced8371.jpg?1594737394,81667,
"Mina and Denn, Wildborn",ally,{2}{R}{G},1,https://c1.scryfall.com/file/scryfall-cards/normal/front/d/2/d27ff523-0ff3-480d-ae95-ff5e04483e40.jpg?1562937271,59355,
Zendikar Incarnate,ally,{2}{R}{G},1,https://c1.scryfall.com/file/scryfall-cards/normal/front/e/b/eb12b1d8-c53e-4d48-89e5-2168ff34a853.jpg?1562047810,58098,
Zhur-Taa Swine,ally,{3}{R}{G},1,https://c1.scryfall.com/file/scryfall-cards/normal/front/c/e/cef93050-2f24-4c85-a00b-796e53868ac1.jpg?1561846723,47581,
Collision // Colossus,ally,{1}{R/G} // {R}{G},0,https://c1.scryfall.com/file/scryfall-cards/normal/front/9/b/9bd15da6-2b86-4dba-951d-318c7d9a5dde.jpg?1584832024,71458,
Stormbind,ally,{1}{R}{G},0,https://c1.scryfall.com/file/scryfall-cards/normal/front/c/2/c2d5d91b-aeb4-4d7e-b748-77f9960da55f.jpg?1562931456,26057,
Exploding Borders,ally,{2}{R}{G},0,https://c1.scryfall.com/file/scryfall-cards/normal/front/f/2/f247aaaf-4d65-4dfc-bab2-3c1331762647.jpg?1562804623,31941,
Centaur Healer,ally,{1}{G}{W},1,https://c1.scryfall.com/file/scryfall-cards/normal/front/8/3/833835d1-9beb-4ad8-b675-7adebdbd7d82.jpg?1562789154,46357,
Fleetfoot Panther,ally,{1}{G}{W},1,https://c1.scryfall.com/file/scryfall-cards/normal/front/b/7/b70220d8-f81b-44a4-b92e-d66de8c1b4ce.jpg?1562933619,15123,
Renegade Rallier,ally,{1}{G}{W},1,https://c1.scryfall.com/file/scryfall-cards/normal/front/9/0/90bad312-80e3-45b0-9556-60ce06808a47.jpg?1576382138,62817,
Bronzebeak Moa,ally,{2}{G}{W},1,https://c1.scryfall.com/file/scryfall-cards/normal/front/2/9/291c0ebc-d489-42c7-8d8a-9216c333412f.jpg?1562902581,48308,
Sumala Woodshaper,ally,{2}{G}{W},1,https://c1.scryfall.com/file/scryfall-cards/normal/front/8/c/8c4e427e-c061-43c5-9e8e-34bf5b447ab1.jpg?1572893819,69773,
Juniper Order Ranger,ally,{3}{G}{W},1,https://c1.scryfall.com/file/scryfall-cards/normal/front/c/e/ce582ff6-6a21-418d-b72c-4402a43be7dc.jpg?1593275537,24607,
Sundering Growth,ally,{G/W}{G/W},0,https://c1.scryfall.com/file/scryfall-cards/normal/front/1/4/14d5048e-cb76-48c4-8a95-70dcc14775f6.jpg?1562783056,46641,
Reknit,ally,{1}{G/W},0,https://c1.scryfall.com/file/scryfall-cards/normal/front/1/0/10bde9be-0ad8-4f42-a9a9-838bc476c7a6.jpg?1562826860,29701,
Selesnya Charm,ally,{G}{W},0,https://c1.scryfall.com/file/scryfall-cards/normal/front/a/9/a9848eab-1d3a-4ab0-adf6-c20858aa3afb.jpg?1562791296,46415,
Tidehollow Sculler,enemy,{W}{B},1,https://c1.scryfall.com/file/scryfall-cards/normal/front/1/a/1abecc77-07f2-43e4-8585-0a8199cdcf01.jpg?1562701606,31125,
Drana's Emissary,enemy,{1}{W}{B},1,https://c1.scryfall.com/file/scryfall-cards/normal/front/9/9/99e82d47-9bbb-4bf9-a935-2c0b27b64a84.jpg?1562931289,58499,
Basilica Bell-Haunt,enemy,{W}{W}{B}{B},1,https://c1.scryfall.com/file/scryfall-cards/normal/front/e/7/e72f4329-db6f-4284-b63e-55f22a0a0f6e.jpg?1584831393,71312,
Cliffhaven Vampire,enemy,{2}{W}{B},1,https://c1.scryfall.com/file/scryfall-cards/normal/front/5/5/5544247d-1f8f-443f-a4c4-d8461db28a79.jpg?1562912355,59269,
Maw of the Obzedat,enemy,{3}{W}{B},1,https://c1.scryfall.com/file/scryfall-cards/normal/front/c/d/cd1131c6-04da-4c4d-ab61-874ac5be7087.jpg?1562933372,48436,
Hidden Stockpile,enemy,{W}{B},0,https://c1.scryfall.com/file/scryfall-cards/normal/front/8/d/8d2176a5-66f8-4a21-bbe2-969c82ca36bd.jpg?1576382111,62819,
Harsh Sustenance,enemy,{1}{W}{B},0,https://c1.scryfall.com/file/scryfall-cards/normal/front/7/7/770d60a0-23fc-4224-873c-2e5549b3a816.jpg?1562826633,55336,
Mortify,enemy,{1}{W}{B},0,https://c1.scryfall.com/file/scryfall-cards/normal/front/e/b/ebf6c0dc-5c7b-4170-99bc-2637ea44e716.jpg?1584831682,71384,
One Thousand Lashes,enemy,{2}{W}{B},0,https://c1.scryfall.com/file/scryfall-cards/normal/front/e/e/eef2d548-477b-4be1-b946-6df6aac2ee6e.jpg?1561851287,47513,
Skull Prophet,enemy,{B}{G},1,https://c1.scryfall.com/file/scryfall-cards/normal/front/2/f/2f5ec787-79f6-4922-a0f7-debde8f7a4be.jpg?1591228226,80421,
Nyx Weaver,enemy,{1}{B}{G},1,https://c1.scryfall.com/file/scryfall-cards/normal/front/0/e/0e8553cc-8f61-4022-97c9-e31183b65059.jpg?1593096436,52084,
Shambling Shell,enemy,{1}{B}{G},1,https://c1.scryfall.com/file/scryfall-cards/normal/front/4/c/4c93baa2-a23e-4e18-b4cd-779c992d2042.jpg?1598917474,23404,
Pharika's Mender,enemy,{3}{B}{G},1,https://c1.scryfall.com/file/scryfall-cards/normal/front/f/3/f3dcd1ce-717c-431a-9895-f7701d276743.jpg?1562838090,50548,
Baloth Null,enemy,{4}{B}{G},1,https://c1.scryfall.com/file/scryfall-cards/normal/front/8/8/8811d210-23e2-4318-9730-7ee3b2021c68.jpg?1562922516,59585,
Status // Statue,enemy,{B/G} // {2}{B}{G},0,https://c1.scryfall.com/file/scryfall-cards/normal/front/4/4/44614c6d-5508-4077-b825-66d5d684086c.jpg?1572894024,69873,
Drown in Filth,enemy,{B}{G},0,https://c1.scryfall.com/file/scryfall-cards/normal/front/2/2/22feacda-01e0-4f0d-a3c7-a22e3d40bf4e.jpg?1562901483,48472,
Grisly Salvage,enemy,{B}{G},0,https://c1.scryfall.com/file/scryfall-cards/normal/front/d/c/dcb5eb2a-ae7a-4416-970c-6e9306689c88.jpg?1562794180,46375,
Death Frenzy,enemy,{3}{B}{G},0,https://c1.scryfall.com/file/scryfall-cards/normal/front/9/2/92096311-a3fa-41fc-b7a9-71ac2310f7fe.jpg?1562790443,54148,
Icefeather Aven,enemy,{G}{U},1,https://c1.scryfall.com/file/scryfall-cards/normal/front/e/c/ecdee089-8e89-4c99-9390-e8f4c189cffb.jpg?1562795587,54150,
Skyrider Elf,enemy,{X}{G}{U},1,https://c1.scryfall.com/file/scryfall-cards/normal/front/4/7/477eb787-aec7-43fd-9813-184111d9dcc5.jpg?1562911739,58597,
Elusive Krasis,enemy,{1}{G}{U},1,https://c1.scryfall.com/file/scryfall-cards/normal/front/d/d/dd62e422-e5e2-4736-9ed3-d2dc693f6f8f.jpg?1561849309,47719,
Shapers of Nature,enemy,{1}{G}{U},1,https://c1.scryfall.com/file/scryfall-cards/normal/front/7/a/7aa682fb-f5b6-41c1-9428-6043b0b76744.jpg?1562558548,65476,
Trygon Predator,enemy,{1}{G}{U},1,https://c1.scryfall.com/file/scryfall-cards/normal/front/f/3/f31f54bf-7bf0-48f0-853d-1468713784eb.jpg?1593273791,24071,
Lashweed Lurker,enemy,{8},1,https://c1.scryfall.com/file/scryfall-cards/normal/front/a/1/a13f9a76-3370-4809-88ff-c300bca31c9e.jpg?1576383747,61468,
Secret Plans,enemy,{G}{U},0,https://c1.scryfall.com/file/scryfall-cards/normal/front/0/1/01589046-a969-400f-b4ac-90cbbb814504.jpg?1562781791,54152,
Simic Ascendancy,enemy,{G}{U},0,https://c1.scryfall.com/file/scryfall-cards/normal/front/e/9/e90192b4-696c-4d63-b752-0c891f50a810.jpg?1553217295,71586,
Krasis Incubation,enemy,{2}{G}{U},0,https://c1.scryfall.com/file/scryfall-cards/normal/front/8/d/8da986da-e8ee-4b53-8bbd-9285d0f7f3cb.jpg?1562921265,48214,
Gelectrode,enemy,{1}{U}{R},1,https://c1.scryfall.com/file/scryfall-cards/normal/front/8/3/83fa9c4a-7027-4ddd-93e0-3c5dcaa8e48b.jpg?1593272662,23703,
"Jori En, Ruin Diver",enemy,{1}{U}{R},1,https://c1.scryfall.com/file/scryfall-cards/normal/front/9/0/900d3af7-a03f-4173-8a8a-bd146dec9c0f.jpg?1562924083,59433,
Nivix Cyclops,enemy,{1}{U}{R},1,https://c1.scryfall.com/file/scryfall-cards/normal/front/5/d/5d7a0e26-8cd4-4f53-8922-93ca28b1879b.jpg?1562912248,48366,
Crackling Drake,enemy,{U}{U}{R}{R},1,https://c1.scryfall.com/file/scryfall-cards/normal/front/f/0/f00fa3a7-e3e2-4b23-a126-a076e75b5dbd.jpg?1572893571,69699,
Thundering Djinn,enemy,{3}{U}{R},1,https://c1.scryfall.com/file/scryfall-cards/normal/front/2/8/28642fbe-90c8-4beb-9950-91af28d93326.jpg?1562202415,72802,
Sonic Assault,enemy,{1}{U}{R},0,https://c1.scryfall.com/file/scryfall-cards/normal/front/c/c/cc61a398-cf16-415b-b3cf-897217dc7cc9.jpg?1572893813,69771,
Turn // Burn,enemy,{2}{U} // {1}{R},0,https://c1.scryfall.com/file/scryfall-cards/normal/front/8/d/8d7fdd59-6d76-4a0c-ac75-816345ef4a39.jpg?1562921231,48532,
Winterflame,enemy,{1}{U}{R},0,https://c1.scryfall.com/file/scryfall-cards/normal/front/b/8/b8924ab9-fa55-4348-b67d-b2b9e48a357a.jpg?1562792511,54450,
Master the Way,enemy,{3}{U}{R},0,https://c1.scryfall.com/file/scryfall-cards/normal/front/7/0/704743a8-27d6-4db9-8fe1-f65f5f3a955f.jpg?1562788383,54146,
Honored Crop-Captain,enemy,{R}{W},1,https://c1.scryfall.com/file/scryfall-cards/normal/front/b/1/b1b44194-fed5-491c-a791-80b986dd66d6.jpg?1543676063,64002,
Tenth District Legionnaire,enemy,{R}{W},1,https://c1.scryfall.com/file/scryfall-cards/normal/front/4/4/44f3090b-917b-4122-b522-27c30dca8e69.jpg?1557577302,72050,
Thundersong Trumpeter,enemy,{R}{W},1,https://c1.scryfall.com/file/scryfall-cards/normal/front/7/4/7410c546-745c-469f-b3b8-eafb69391600.jpg?1598917562,23134,
Hero of the Nyxborn,enemy,{1}{R}{W},1,https://c1.scryfall.com/file/scryfall-cards/normal/front/9/8/9854e673-1816-4a76-b9db-bb399ac7489f.jpg?1581481079,79562,
Hammer Dropper,enemy,{2}{R}{W},1,https://c1.scryfall.com/file/scryfall-cards/normal/front/9/e/9efac789-587b-45c1-b16e-616e9486b59b.jpg?1572893658,69725,
Spark Trooper,enemy,{1}{R}{R}{W},1,https://c1.scryfall.com/file/scryfall-cards/normal/front/0/9/09eb69b5-b8e2-48c6-8c27-cb0108df8dad.jpg?1561815173,47747,
Integrity // Intervention,enemy,{R/W} // {2}{R}{W},0,https://c1.scryfall.com/file/scryfall-cards/normal/front/4/a/4a82084e-b178-442b-8007-7b2a70f3fbba.jpg?1572893998,69855,
Martial Glory,enemy,{R}{W},0,https://c1.scryfall.com/file/scryfall-cards/normal/front/3/6/3690c96c-70a3-45e5-84d7-5c82809a8f45.jpg?1561822472,47847,
Ride Down,enemy,{R}{W},0,https://c1.scryfall.com/file/scryfall-cards/normal/front/3/b/3bc9a434-9617-4a20-88f0-355b20f2c538.jpg?1562785134,54424,
Esper Stormblade,other,{W/B}{U},1,https://c1.scryfall.com/file/scryfall-cards/normal/front/e/6/e60ac6f0-fdec-4e2c-86c6-02d36c7bbaf5.jpg?1562644772,32456,
Grixis Grimblade,other,{U/R}{B},1,https://c1.scryfall.com/file/scryfall-cards/normal/front/9/d/9dbcb812-15ad-4878-9968-cfa65a352703.jpg?1562643209,32470,
Jund Hackblade,other,{B/G}{R},1,https://c1.scryfall.com/file/scryfall-cards/normal/front/6/1/61e3b73a-598b-4854-b811-2fd40fbce2d0.jpg?1562641629,32464,
Naya Hushblade,other,{R/W}{G},1,https://c1.scryfall.com/file/scryfall-cards/normal/front/5/e/5eed1b7f-0672-4066-9e21-c5252f6dc482.jpg?1562641591,32458,
Bant Sureblade,other,{G/U}{W},1,https://c1.scryfall.com/file/scryfall-cards/normal/front/1/6/162feb2b-e641-4338-bcf1-1f7e7a11bb9d.jpg?1562639838,32468,
Ponyback Brigade,other,{3}{R}{W}{B},1,https://c1.scryfall.com/file/scryfall-cards/normal/front/1/9/192d77ef-e8b5-44e2-842b-2c1f342c1e69.jpg?1562783191,54138,
Snowhorn Rider,other,{3}{G}{U}{R},1,https://c1.scryfall.com/file/scryfall-cards/normal/front/f/5/f5d9aa9b-1ed4-46db-89d1-6c9593c29f55.jpg?1562796087,54414,
Abomination of Gudul,other,{3}{B}{G}{U},1,https://c1.scryfall.com/file/scryfall-cards/normal/front/7/d/7df9759e-1072-4a6a-be57-f73b15bf3847.jpg?1562789157,54416,
Abzan Guide,other,{3}{W}{B}{G},1,https://c1.scryfall.com/file/scryfall-cards/normal/front/1/b/1b7f7158-4a31-4a1c-bf3b-574c0b09276a.jpg?1562783275,54136,
Efreet Weaponmaster,other,{3}{U}{R}{W},1,https://c1.scryfall.com/file/scryfall-cards/normal/front/8/9/8986cb2e-76e0-41f3-8810-3d11c39a527a.jpg?1562789935,54412,
Chromanticore,other,{W}{U}{B}{R}{G},1,https://c1.scryfall.com/file/scryfall-cards/normal/front/8/d/8d171b46-69e7-4e39-b3b2-97ed022cd933.jpg?1593092710,51869,
Immolating Souleater,other,{2},1,https://c1.scryfall.com/file/scryfall-cards/normal/front/a/b/abbaf916-067d-4834-a55c-b400fe0d8c1f.jpg?1562880643,39978,
Phyrexian Revoker,other,{2},1,https://c1.scryfall.com/file/scryfall-cards/normal/front/9/2/92ede7b6-ee03-4b4f-bc59-1759b02bd5d5.jpg?1562791032,53356,
Cathodion,other,{3},1,https://c1.scryfall.com/file/scryfall-cards/normal/front/2/8/28def495-1806-40ec-b170-ca727c914f30.jpg?1562903647,12093,
Shambling Suit,other,{3},1,https://c1.scryfall.com/file/scryfall-cards/normal/front/1/1/1100b898-31a8-4fdf-a54f-a1470ec032f3.jpg?1592485685,78606,
Ancestral Statue,other,{4},1,https://c1.scryfall.com/file/scryfall-cards/normal/front/c/7/c7124a6f-b690-4326-93b5-036a8c520c1f.jpg?1562792909,56316,
Awakened Amalgam,other,{4},1,https://c1.scryfall.com/file/scryfall-cards/normal/front/d/2/d24b14ea-04f0-4d4b-970e-efc65d64945e.jpg?1555040989,66813,
Cogwork Librarian,other,{4},1,https://c1.scryfall.com/file/scryfall-cards/normal/front/4/5/453de664-0f09-4772-a626-51d58d1173f3.jpg?1562864968,65502,
Eater of Days,other,{4},1,https://c1.scryfall.com/file/scryfall-cards/normal/front/e/f/ef6870db-8aca-4aee-8e4d-c56a7d8dc242.jpg?1562640398,20527,
Etched Oracle,other,{4},1,https://c1.scryfall.com/file/scryfall-cards/normal/front/b/7/b7fcd005-9b54-42c1-8ce1-a20665d0fd8b.jpg?1562879355,20870,
Treasure Keeper,other,{4},1,https://c1.scryfall.com/file/scryfall-cards/normal/front/9/c/9c5d73d2-60cc-4b64-8274-4ba1bb98b6fa.jpg?1576382437,62879,
Volatile Rig,other,{4},1,https://c1.scryfall.com/file/scryfall-cards/normal/front/5/0/5055ed18-b234-4702-92eb-4d483431ff47.jpg?1562786192,46785,
Epitaph Golem,other,{5},1,https://c1.scryfall.com/file/scryfall-cards/normal/front/9/3/937aaed7-d9ad-45e0-915c-df61316c606a.jpg?1576385408,60010,
Skyreach Manta,other,{5},1,https://c1.scryfall.com/file/scryfall-cards/normal/front/f/6/f6b11e69-09ec-4e26-a64d-c129c45574b1.jpg?1562880762,20842,
Thran Golem,other,{5},1,https://c1.scryfall.com/file/scryfall-cards/normal/front/5/7/5778c52b-248b-4131-b5c0-12ea1986786e.jpg?1562443768,12933,
Mage-Ring Responder,other,{7},1,https://c1.scryfall.com/file/scryfall-cards/normal/front/7/c/7c60473d-5065-4e63-bfc2-a041a8ca48ed.jpg?1562027575,58120,
Altar of the Brood,other,{1},0,https://c1.scryfall.com/file/scryfall-cards/normal/front/8/d/8d59d264-87ee-4305-bffb-110549331a82.jpg?1562790137,54458,
Bloodtallow Candle,other,{1},0,https://c1.scryfall.com/file/scryfall-cards/normal/front/5/f/5f8125b6-911e-4663-962a-d741984c927d.jpg?1562736519,67889,
Elixir of Immortality,other,{1},0,https://c1.scryfall.com/file/scryfall-cards/normal/front/9/9/99bd4740-9b1f-40a6-a14d-2c0d642b848b.jpg?1562468983,37460,
Ghostfire Blade,other,{1},0,https://c1.scryfall.com/file/scryfall-cards/normal/front/7/1/711145d8-5178-4fdc-8494-4ab680f55b1a.jpg?1562788410,54192,
Scrabbling Claws,other,{1},0,https://c1.scryfall.com/file/scryfall-cards/normal/front/4/1/415027f8-ccef-4b38-ace2-db4e94f066fe.jpg?1562141839,20229,
Wayfarer's Bauble,other,{1},0,https://c1.scryfall.com/file/scryfall-cards/normal/front/3/d/3db8fc1d-69fa-4a88-8f12-11fd614aac01.jpg?1562876449,20776,
Alchemist's Vial,other,{2},0,https://c1.scryfall.com/file/scryfall-cards/normal/front/2/5/251f89c5-d4da-4754-83fa-218c8864ef41.jpg?1562011304,58114,
Cellar Door,other,{2},0,https://c1.scryfall.com/file/scryfall-cards/normal/front/9/7/97bdfb00-7773-4af6-895c-c90088a96b07.jpg?1562834265,42312,
Cranial Archive,other,{2},0,https://c1.scryfall.com/file/scryfall-cards/normal/front/1/2/1284b15f-2a70-48d6-89d3-e787af3f07eb.jpg?1562782804,54456,
Glint Hawk Idol,other,{2},0,https://c1.scryfall.com/file/scryfall-cards/normal/front/0/a/0a742da4-638d-4888-94f1-db2f4ada9f94.jpg?1562814437,37965,
Golden Egg,other,{2},0,https://c1.scryfall.com/file/scryfall-cards/normal/front/5/2/525142c3-f17c-4e02-a02d-fa385215aa12.jpg?1572490979,78586,
Key to the City,other,{2},0,https://c1.scryfall.com/file/scryfall-cards/normal/front/6/6/66154969-5c69-40ce-8bc9-c9bc5e280d4c.jpg?1576383253,62067,
Pentad Prism,other,{2},0,https://c1.scryfall.com/file/scryfall-cards/normal/front/6/7/672b9b16-daef-44e6-9a3a-cfd9f3c78bc7.jpg?1562877486,20874,
Ratchet Bomb,other,{2},0,https://c1.scryfall.com/file/scryfall-cards/normal/front/c/3/c3db7645-20b9-4884-849b-a7d4b6d3aa00.jpg?1562822727,38137,
Sword of the Animist,other,{2},0,https://c1.scryfall.com/file/scryfall-cards/normal/front/f/3/f3687c36-c0ae-4dba-9379-b420236bf529.jpg?1562049757,58134,
Throwing Knife,other,{2},0,https://c1.scryfall.com/file/scryfall-cards/normal/front/5/d/5dfce9be-67a2-4e8a-a71f-e88f64067691.jpg?1562022097,57698,
Abandoned Sarcophagus,other,{3},0,https://c1.scryfall.com/file/scryfall-cards/normal/front/c/1/c191fb87-f111-4ac2-a52a-3af103a9314e.jpg?1562813458,64840,
Cultivator's Caravan,other,{3},0,https://c1.scryfall.com/file/scryfall-cards/normal/front/b/4/b46b3726-4bc8-4e3a-bc6d-402c81663712.jpg?1576383065,62045,
Trepanation Blade,other,{3},0,https://c1.scryfall.com/file/scryfall-cards/normal/front/2/1/2182be77-9186-4d16-a070-9577d4392999.jpg?1562827340,42340,
Aetherflux Reservoir,other,{4},0,https://c1.scryfall.com/file/scryfall-cards/normal/front/9/6/96b6b2e1-c3e6-464c-8a13-b15deb34e862.jpg?1576382939,61805,
Hedron Archive,other,{4},0,https://c1.scryfall.com/file/scryfall-cards/normal/front/2/5/2519149c-f8a3-413f-b7b2-cd596970be4c.jpg?1562903771,58511,
Snake Basket,other,{4},0,https://c1.scryfall.com/file/scryfall-cards/normal/front/b/f/bfda9a16-9cdb-494a-b662-ac24e3b89d0c.jpg?1562278632,7719,
Vexing Arcanix,other,{4},0,https://c1.scryfall.com/file/scryfall-cards/normal/front/0/c/0c9ea118-6a19-4e1b-aa5a-9b2729efc096.jpg?1562897452,19614,
Whetwheel,other,{4},0,https://c1.scryfall.com/file/scryfall-cards/normal/front/d/c/dc6040b6-cf02-4f7e-a275-177c3a6415aa.jpg?1562939302,26842,
Crumbling Sanctuary,other,{5},0,https://c1.scryfall.com/file/scryfall-cards/normal/front/d/8/d8fa6d6c-c1cd-46f3-8430-94f67be55bf7.jpg?1562383053,13257,
Door to Nothingness,other,{5},0,https://c1.scryfall.com/file/scryfall-cards/normal/front/c/9/c92ffeae-6b51-4426-a080-b1b065b1290d.jpg?1562879705,20954,
Arch of Orazca,land,,0,https://c1.scryfall.com/file/scryfall-cards/normal/front/c/6/c6d47162-749b-47d5-9589-8f1dbf60b9f3.jpg?1555041067,66837,
Azorius Chancery,land,,0,https://c1.scryfall.com/file/scryfall-cards/normal/front/e/5/e58365d2-e4db-444b-b1a9-795668ad3038.jpg?1593274067,24027,
Barren Moor,land,,0,https://c1.scryfall.com/file/scryfall-cards/normal/front/4/5/45be3811-a223-4c45-9b24-0317f2d53c60.jpg?1562911376,18239,
Blasted Landscape,land,,0,https://c1.scryfall.com/file/scryfall-cards/normal/front/a/c/ac71d910-6c50-4894-8092-d39cbb7a83b4.jpg?1562931379,11883,
Bloodfell Caves,land,,0,https://c1.scryfall.com/file/scryfall-cards/normal/front/1/5/15a7b30a-c59f-4a87-9e8a-b29daea27422.jpg?1562782962,54468,
Blossoming Sands,land,,0,https://c1.scryfall.com/file/scryfall-cards/normal/front/a/3/a32a1c0b-f6ea-475a-aa01-3618ea7d8647.jpg?1562791365,54472,
Boros Garrison,land,,0,https://c1.scryfall.com/file/scryfall-cards/normal/front/7/d/7dfe3f03-078f-44fb-89cd-efa3ebfaf637.jpg?1598918306,23116,
Dimir Aqueduct,land,,0,https://c1.scryfall.com/file/scryfall-cards/normal/front/d/f/df3c3d56-8291-407e-87a1-94b7d12811fd.jpg?1598918321,23192,
Dismal Backwater,land,,0,https://c1.scryfall.com/file/scryfall-cards/normal/front/6/3/63742780-47ee-4a66-993a-69e06c14967d.jpg?1562787616,54466,
Drifting Meadow,land,,0,https://c1.scryfall.com/file/scryfall-cards/normal/front/a/8/a8f669f7-0b36-4c82-8e32-15314ec0c0c4.jpg?1562930611,11973,
Evolving Wilds,land,,0,https://c1.scryfall.com/file/scryfall-cards/normal/front/e/b/eb66398d-afb4-41d9-a8b8-ec115d2ad5f2.jpg?1562795079,55998,
Forgotten Cave,land,,0,https://c1.scryfall.com/file/scryfall-cards/normal/front/c/5/c5202668-a32c-4473-b272-e86264992576.jpg?1562941555,18267,
Foundry of the Consuls,land,,0,https://c1.scryfall.com/file/scryfall-cards/normal/front/7/3/73f29e03-0a71-46cd-992e-7baa61f16ac5.jpg?1562025759,58150,
Golgari Rot Farm,land,,0,https://c1.scryfall.com/file/scryfall-cards/normal/front/1/0/104364d5-ede8-4ac5-900f-19947f51bbc1.jpg?1598918351,23206,
Gruul Turf,land,,0,https://c1.scryfall.com/file/scryfall-cards/normal/front/5/5/550b70e0-ebd5-49de-b62c-5224b8bf8e98.jpg?1593272975,23851,
Izzet Boilerworks,land,,0,https://c1.scryfall.com/file/scryfall-cards/normal/front/6/6/666f455e-3a3d-475d-b67a-a1fdd74820eb.jpg?1593272981,23845,
Jungle Hollow,land,,0,https://c1.scryfall.com/file/scryfall-cards/normal/front/f/e/fea27aa7-7fcf-4198-b03a-5034a03ba81f.jpg?1562796625,54072,
Lonely Sandbar,land,,0,https://c1.scryfall.com/file/scryfall-cards/normal/front/d/8/d8ddab06-aff7-4c40-bcaa-10cbfe899dd9.jpg?1562946694,18237,
Orzhov Basilica,land,,0,https://c1.scryfall.com/file/scryfall-cards/normal/front/f/9/f9154d2a-3fc5-4fd6-9885-a810cb6b542a.jpg?1593272996,23683,
Polluted Mire,land,,0,https://c1.scryfall.com/file/scryfall-cards/normal/front/c/f/cfe2c562-ac25-4395-a9f0-8b246c7954b6.jpg?1562938956,11927,
Rakdos Carnarium,land,,0,https://c1.scryfall.com/file/scryfall-cards/normal/front/3/4/34f146f3-6541-4d2a-96e3-a3cd680c0a1e.jpg?1593274123,24017,
Remote Isle,land,,0,https://c1.scryfall.com/file/scryfall-cards/normal/front/e/4/e48d55ff-10d0-4d9b-9202-02ebb2137953.jpg?1562943282,11889,
Rugged Highlands,land,,0,https://c1.scryfall.com/file/scryfall-cards/normal/front/5/0/501ce6cb-0324-4cca-bc79-903cefe1ac1f.jpg?1562786462,54470,
Scoured Barrens,land,,0,https://c1.scryfall.com/file/scryfall-cards/normal/front/0/8/0824a960-dd89-45c5-90f0-3ec9eb47d9ce.jpg?1562782193,54070,
Secluded Steppe,land,,0,https://c1.scryfall.com/file/scryfall-cards/normal/front/e/a/ea454280-f7f4-4315-bb46-b56050c02c97.jpg?1562950810,18235,
Selesnya Sanctuary,land,,0,https://c1.scryfall.com/file/scryfall-cards/normal/front/c/5/c5e51787-f9c9-4926-9df1-a384a3092676.jpg?1598918422,23248,
Simic Growth Chamber,land,,0,https://c1.scryfall.com/file/scryfall-cards/normal/front/4/0/407d0a0c-a6be-4bd5-8355-1715698c6bde.jpg?1593274137,24031,
Slippery Karst,land,,0,https://c1.scryfall.com/file/scryfall-cards/normal/front/6/d/6d01a6a7-c006-4fce-a546-8138baef421b.jpg?1562917837,11925,
Smoldering Crater,land,,0,https://c1.scryfall.com/file/scryfall-cards/normal/front/e/9/e9940ce4-09d7-4e89-b456-e3126a83cfe1.jpg?1562944237,12393,
Swiftwater Cliffs,land,,0,https://c1.scryfall.com/file/scryfall-cards/normal/front/e/7/e782d005-a563-4738-978a-73a3465de78f.jpg?1562795257,54076,
Temple of Abandon,land,,0,https://c1.scryfall.com/file/scryfall-cards/normal/front/4/6/46febc5d-1625-4e48-bb3f-31ee06fc13dd.jpg?1562817494,50266,
Temple of Deceit,land,,0,https://c1.scryfall.com/file/scryfall-cards/normal/front/6/8/686559d7-8ac1-496b-a5a6-1467bf8fc7c5.jpg?1562819288,50264,
Temple of Enlightenment,land,,0,https://c1.scryfall.com/file/scryfall-cards/normal/front/c/6/c657a645-f454-4eaf-be0d-15c9989fa4ef.jpg?1593092908,51561,
Temple of Epiphany,land,,0,https://c1.scryfall.com/file/scryfall-cards/normal/front/b/8/b882c6bf-b795-49fe-8242-a928aadb6f13.jpg?1593096541,51966,
Temple of Malady,land,,0,https://c1.scryfall.com/file/scryfall-cards/normal/front/f/3/f30220f1-1992-4b5c-9e13-1762fb673155.jpg?1593096549,51968,
Temple of Malice,land,,0,https://c1.scryfall.com/file/scryfall-cards/normal/front/5/2/52f50818-aede-4667-883a-e0339d86d870.jpg?1593092918,51563,
Temple of Mystery,land,,0,https://c1.scryfall.com/file/scryfall-cards/normal/front/2/f/2f66945b-3e64-498a-9478-5f96a61d4ec7.jpg?1562816308,50272,
Temple of Plenty,land,,0,https://c1.scryfall.com/file/scryfall-cards/normal/front/b/0/b0830054-b140-49c3-90cb-24e2502757be.jpg?1593092928,51565,
Temple of Silence,land,,0,https://c1.scryfall.com/file/scryfall-cards/normal/front/0/f/0f14b6b3-5f40-4328-a3be-28fe32dd7cb1.jpg?1562814674,50268,
Temple of Triumph,land,,0,https://c1.scryfall.com/file/scryfall-cards/normal/front/4/f/4f53049c-2491-4d20-aa19-00eb5c55b438.jpg?1562817932,50270,
Tendo Ice Bridge,land,,0,https://c1.scryfall.com/file/scryfall-cards/normal/front/d/2/d246f521-b9a0-4b4f-b38c-0e4eb4066212.jpg?1562879966,21745,
Terramorphic Expanse,land,,0,https://c1.scryfall.com/file/scryfall-cards/normal/front/f/d/fd097ea2-0a1c-44a0-824b-d5373df513fb.jpg?1562948625,25785,
Thornwood Falls,land,,0,https://c1.scryfall.com/file/scryfall-cards/normal/front/9/e/9e57abd9-e864-4047-a3c8-618952071858.jpg?1562791123,54074,
Thran Quarry,land,,0,https://c1.scryfall.com/file/scryfall-cards/normal/front/4/b/4b2d6c41-7d82-4062-a783-37d88536279c.jpg?1562910753,12379,
Tranquil Cove,land,,0,https://c1.scryfall.com/file/scryfall-cards/normal/front/0/f/0f840bd2-c4f5-4ac4-918c-91b4feeb8783.jpg?1562782605,54464,
Tranquil Thicket,land,,0,https://c1.scryfall.com/file/scryfall-cards/normal/front/a/f/afcb7cef-8aeb-4c84-88e9-6df17768e292.jpg?1562936584,18243,
Undiscovered Paradise,land,,0,https://c1.scryfall.com/file/scryfall-cards/normal/front/5/f/5f6e8830-5e62-4945-8b73-60f0628d38e7.jpg?1562277673,7771,
Vivid Crag,land,,0,https://c1.scryfall.com/file/scryfall-cards/normal/front/5/3/539001dc-69f0-42c0-b5c3-37d7b12eb79e.jpg?1562348525,28521,
Vivid Creek,land,,0,https://c1.scryfall.com/file/scryfall-cards/normal/front/2/e/2e3c2935-84ee-446d-b247-2f574ea84a8f.jpg?1562342974,28519,
Vivid Grove,land,,0,https://c1.scryfall.com/file/scryfall-cards/normal/front/6/6/6646babe-edd8-4367-ba8f-89af4f859dd8.jpg?1562351207,28515,
Vivid Marsh,land,,0,https://c1.scryfall.com/file/scryfall-cards/normal/front/3/1/31f806c7-0063-4270-b37c-5363c41a7621.jpg?1562343493,28517,
Vivid Meadow,land,,0,https://c1.scryfall.com/file/scryfall-cards/normal/front/a/5/a535790b-d416-4807-bca0-acf6b192101c.jpg?1562361486,28523,
Wind-Scarred Crag,land,,0,https://c1.scryfall.com/file/scryfall-cards/normal/front/3/b/3b296781-78ac-411f-88fc-2d924ad22986.jpg?1562785094,54078,
